Lambda/m,Lambda/nm,E/eV,Solar per nm/W*m^-2*nm^-1,Solar per E/W*m^-2*eV^-1
4.00E-06,4000.0,0.310,7.1043E-03,9.1705E+01
4.00E-06,3995.0,0.310,7.2100E-03,9.2837E+01
3.99E-06,3990.0,0.311,7.3723E-03,9.4690E+01
3.99E-06,3985.0,0.311,7.4327E-03,9.5226E+01
3.98E-06,3980.0,0.312,7.3872E-03,9.4406E+01
3.98E-06,3975.0,0.312,7.5097E-03,9.5730E+01
3.97E-06,3970.0,0.312,7.6806E-03,9.7663E+01
3.97E-06,3965.0,0.313,7.8057E-03,9.9004E+01
3.96E-06,3960.0,0.313,7.7482E-03,9.8027E+01
3.96E-06,3955.0,0.314,7.7199E-03,9.7422E+01
3.95E-06,3950.0,0.314,7.6277E-03,9.6015E+01
3.95E-06,3945.0,0.314,7.5412E-03,9.4686E+01
3.94E-06,3940.0,0.315,7.4027E-03,9.2712E+01
3.94E-06,3935.0,0.315,7.3541E-03,9.1870E+01
3.93E-06,3930.0,0.316,7.0502E-03,8.7850E+01
3.93E-06,3925.0,0.316,6.8520E-03,8.5163E+01
3.92E-06,3920.0,0.316,6.9466E-03,8.6119E+01
3.92E-06,3915.0,0.317,6.9868E-03,8.6396E+01
3.91E-06,3910.0,0.317,7.1353E-03,8.8007E+01
3.91E-06,3905.0,0.318,7.9269E-03,9.7521E+01
3.90E-06,3900.0,0.318,7.9254E-03,9.7253E+01
3.90E-06,3895.0,0.318,7.4760E-03,9.1503E+01
3.89E-06,3890.0,0.319,6.8818E-03,8.4015E+01
3.89E-06,3885.0,0.319,6.7717E-03,8.2458E+01
3.88E-06,3880.0,0.320,6.5340E-03,7.9359E+01
3.88E-06,3875.0,0.320,6.7620E-03,8.1917E+01
3.87E-06,3870.0,0.320,7.3604E-03,8.8936E+01
3.87E-06,3865.0,0.321,8.0989E-03,9.7606E+01
3.86E-06,3860.0,0.321,7.9940E-03,9.6093E+01
3.86E-06,3855.0,0.322,8.5085E-03,1.0201E+02
3.85E-06,3850.0,0.322,8.8274E-03,1.0556E+02
3.85E-06,3845.0,0.322,8.7801E-03,1.0472E+02
3.84E-06,3840.0,0.323,8.9756E-03,1.0678E+02
3.84E-06,3835.0,0.323,7.6916E-03,9.1264E+01
3.83E-06,3830.0,0.324,9.5925E-03,1.1352E+02
3.83E-06,3825.0,0.324,9.5056E-03,1.1220E+02
3.82E-06,3820.0,0.325,9.6550E-03,1.1367E+02
3.82E-06,3815.0,0.325,7.7569E-03,9.1082E+01
3.81E-06,3810.0,0.325,8.2451E-03,9.6560E+01
3.81E-06,3805.0,0.326,9.3049E-03,1.0869E+02
3.80E-06,3800.0,0.326,9.8592E-03,1.1486E+02
3.80E-06,3795.0,0.327,8.8692E-03,1.0305E+02
3.79E-06,3790.0,0.327,7.7564E-03,8.9886E+01
3.79E-06,3785.0,0.328,8.8123E-03,1.0185E+02
3.78E-06,3780.0,0.328,9.5746E-03,1.1037E+02
3.78E-06,3775.0,0.328,9.0521E-03,1.0407E+02
3.77E-06,3770.0,0.329,9.1243E-03,1.0463E+02
3.77E-06,3765.0,0.329,8.5502E-03,9.7782E+01
3.76E-06,3760.0,0.330,8.8633E-03,1.0109E+02
3.76E-06,3755.0,0.330,8.9918E-03,1.0229E+02
3.75E-06,3750.0,0.331,9.2903E-03,1.0540E+02
3.75E-06,3745.0,0.331,1.0331E-02,1.1690E+02
3.74E-06,3740.0,0.332,8.8494E-03,9.9864E+01
3.74E-06,3735.0,0.332,8.5837E-03,9.6607E+01
3.73E-06,3730.0,0.332,9.2707E-03,1.0406E+02
3.73E-06,3725.0,0.333,1.0698E-02,1.1976E+02
3.72E-06,3720.0,0.333,1.0376E-02,1.1584E+02
3.72E-06,3715.0,0.334,9.2254E-03,1.0272E+02
3.71E-06,3710.0,0.334,9.3640E-03,1.0398E+02
3.71E-06,3705.0,0.335,1.0770E-02,1.1927E+02
3.70E-06,3700.0,0.335,1.0878E-02,1.2015E+02
3.70E-06,3695.0,0.336,1.0132E-02,1.1160E+02
3.69E-06,3690.0,0.336,9.6922E-03,1.0647E+02
3.69E-06,3685.0,0.336,9.4380E-03,1.0340E+02
3.68E-06,3680.0,0.337,8.3312E-03,9.1024E+01
3.68E-06,3675.0,0.337,4.8286E-03,5.2613E+01
3.67E-06,3670.0,0.338,7.9003E-03,8.5848E+01
3.67E-06,3665.0,0.338,1.0253E-02,1.1111E+02
3.66E-06,3660.0,0.339,1.0914E-02,1.1795E+02
3.66E-06,3655.0,0.339,1.0978E-02,1.1832E+02
3.65E-06,3650.0,0.340,1.0123E-02,1.0880E+02
3.65E-06,3645.0,0.340,1.0599E-02,1.1361E+02
3.64E-06,3640.0,0.341,1.1480E-02,1.2272E+02
3.64E-06,3635.0,0.341,1.0299E-02,1.0979E+02
3.63E-06,3630.0,0.342,9.9550E-03,1.0583E+02
3.63E-06,3625.0,0.342,1.0239E-02,1.0855E+02
3.62E-06,3620.0,0.343,1.1614E-02,1.2279E+02
3.62E-06,3615.0,0.343,9.4726E-03,9.9871E+01
3.61E-06,3610.0,0.343,9.4787E-03,9.9659E+01
3.61E-06,3605.0,0.344,1.0359E-02,1.0861E+02
3.60E-06,3600.0,0.344,1.0262E-02,1.0730E+02
3.60E-06,3595.0,0.345,9.6700E-03,1.0083E+02
3.59E-06,3590.0,0.345,9.4523E-03,9.8283E+01
3.59E-06,3585.0,0.346,9.1671E-03,9.5053E+01
3.58E-06,3580.0,0.346,1.0187E-02,1.0533E+02
3.58E-06,3575.0,0.347,8.6444E-03,8.9133E+01
3.57E-06,3570.0,0.347,8.3376E-03,8.5730E+01
3.57E-06,3565.0,0.348,1.0851E-02,1.1126E+02
3.56E-06,3560.0,0.348,1.0795E-02,1.1038E+02
3.56E-06,3555.0,0.349,9.0581E-03,9.2357E+01
3.55E-06,3550.0,0.349,1.0538E-02,1.0714E+02
3.55E-06,3545.0,0.350,9.5432E-03,9.6756E+01
3.54E-06,3540.0,0.350,9.0310E-03,9.1305E+01
3.54E-06,3535.0,0.351,9.4556E-03,9.5328E+01
3.53E-06,3530.0,0.351,1.1127E-02,1.1186E+02
3.53E-06,3525.0,0.352,1.1428E-02,1.1456E+02
3.52E-06,3520.0,0.352,1.2122E-02,1.2117E+02
3.52E-06,3515.0,0.353,1.1494E-02,1.1457E+02
3.51E-06,3510.0,0.353,1.1963E-02,1.1891E+02
3.51E-06,3505.0,0.354,1.1809E-02,1.1704E+02
3.50E-06,3500.0,0.354,1.1917E-02,1.1778E+02
3.50E-06,3495.0,0.355,1.2265E-02,1.2087E+02
3.49E-06,3490.0,0.355,1.0419E-02,1.0238E+02
3.49E-06,3485.0,0.356,1.2094E-02,1.1850E+02
3.48E-06,3480.0,0.356,1.1224E-02,1.0966E+02
3.48E-06,3475.0,0.357,1.0943E-02,1.0661E+02
3.47E-06,3470.0,0.357,1.2264E-02,1.1914E+02
3.47E-06,3465.0,0.358,9.8179E-03,9.5100E+01
3.46E-06,3460.0,0.358,1.2530E-02,1.2102E+02
3.46E-06,3455.0,0.359,8.3089E-03,8.0019E+01
3.45E-06,3450.0,0.359,1.1153E-02,1.0710E+02
3.45E-06,3445.0,0.360,1.1318E-02,1.0837E+02
3.44E-06,3440.0,0.360,8.0348E-03,7.6709E+01
3.44E-06,3435.0,0.361,1.1553E-02,1.0998E+02
3.43E-06,3430.0,0.362,8.6892E-03,8.2475E+01
3.43E-06,3425.0,0.362,1.0006E-02,9.4697E+01
3.42E-06,3420.0,0.363,1.3165E-02,1.2423E+02
3.42E-06,3415.0,0.363,7.2774E-03,6.8472E+01
3.41E-06,3410.0,0.364,7.0802E-03,6.6421E+01
3.41E-06,3405.0,0.364,4.4594E-03,4.1712E+01
3.40E-06,3400.0,0.365,1.2509E-02,1.1666E+02
3.40E-06,3395.0,0.365,9.5465E-03,8.8772E+01
3.39E-06,3390.0,0.366,9.8552E-03,9.1373E+01
3.39E-06,3385.0,0.366,7.4896E-03,6.9236E+01
3.38E-06,3380.0,0.367,5.1115E-03,4.7112E+01
3.38E-06,3375.0,0.367,8.4560E-03,7.7708E+01
3.37E-06,3370.0,0.368,3.9389E-03,3.6090E+01
3.37E-06,3365.0,0.368,7.1907E-03,6.5689E+01
3.36E-06,3360.0,0.369,5.2402E-03,4.7729E+01
3.36E-06,3355.0,0.370,3.6308E-03,3.2972E+01
3.35E-06,3350.0,0.370,8.0277E-03,7.2683E+01
3.35E-06,3345.0,0.371,3.5408E-03,3.1963E+01
3.34E-06,3340.0,0.371,3.4602E-03,3.1142E+01
3.34E-06,3335.0,0.372,9.0694E-03,8.1381E+01
3.33E-06,3330.0,0.372,4.6616E-03,4.1704E+01
3.33E-06,3325.0,0.373,3.5187E-03,3.1385E+01
3.32E-06,3320.0,0.373,5.9987E-05,5.3344E-01
3.32E-06,3315.0,0.374,1.6133E-05,1.4303E-01
3.31E-06,3310.0,0.375,3.9235E-03,3.4680E+01
3.31E-06,3305.0,0.375,3.9416E-03,3.4735E+01
3.30E-06,3300.0,0.376,1.7794E-03,1.5633E+01
3.30E-06,3295.0,0.376,1.2234E-03,1.0716E+01
3.29E-06,3290.0,0.377,8.7571E-03,7.6473E+01
3.29E-06,3285.0,0.377,1.1128E-02,9.6882E+01
3.28E-06,3280.0,0.378,2.8644E-03,2.4862E+01
3.28E-06,3275.0,0.379,5.9265E-03,5.1283E+01
3.27E-06,3270.0,0.379,1.2186E-03,1.0513E+01
3.27E-06,3265.0,0.380,2.4465E-03,2.1041E+01
3.26E-06,3260.0,0.380,1.2248E-03,1.0502E+01
3.26E-06,3255.0,0.381,9.9378E-03,8.4947E+01
3.25E-06,3250.0,0.382,2.6067E-03,2.2213E+01
3.25E-06,3245.0,0.382,7.3409E-04,6.2364E+00
3.24E-06,3240.0,0.383,3.7464E-03,3.1729E+01
3.24E-06,3235.0,0.383,7.2940E-03,6.1584E+01
3.23E-06,3230.0,0.384,3.4080E-04,2.8685E+00
3.23E-06,3225.0,0.384,1.9875E-04,1.6677E+00
3.22E-06,3220.0,0.385,1.6089E-03,1.3458E+01
3.22E-06,3215.0,0.386,4.9752E-04,4.1488E+00
3.21E-06,3210.0,0.386,1.3634E-04,1.1334E+00
3.21E-06,3205.0,0.387,3.0973E-04,2.5668E+00
3.20E-06,3200.0,0.388,4.3843E-04,3.6220E+00
3.20E-06,3195.0,0.388,2.6927E-03,2.2176E+01
3.19E-06,3190.0,0.389,4.2388E-03,3.4800E+01
3.19E-06,3185.0,0.389,8.0823E-03,6.6147E+01
3.18E-06,3180.0,0.390,1.0621E-02,8.6651E+01
3.18E-06,3175.0,0.391,9.2302E-03,7.5067E+01
3.17E-06,3170.0,0.391,1.2516E-02,1.0147E+02
3.17E-06,3165.0,0.392,1.4017E-02,1.1328E+02
3.16E-06,3160.0,0.392,9.2320E-03,7.4374E+01
3.16E-06,3155.0,0.393,5.6366E-03,4.5266E+01
3.15E-06,3150.0,0.394,6.6744E-03,5.3430E+01
3.15E-06,3145.0,0.394,3.2517E-03,2.5948E+01
3.14E-06,3140.0,0.395,3.3241E-03,2.6442E+01
3.14E-06,3135.0,0.396,1.1446E-02,9.0757E+01
3.13E-06,3130.0,0.396,5.7614E-03,4.5538E+01
3.13E-06,3125.0,0.397,3.0289E-03,2.3864E+01
3.12E-06,3120.0,0.397,9.8197E-03,7.7119E+01
3.12E-06,3115.0,0.398,2.2677E-03,1.7752E+01
3.11E-06,3110.0,0.399,8.4569E-04,6.5991E+00
3.11E-06,3105.0,0.399,9.2155E-04,7.1680E+00
3.10E-06,3100.0,0.400,4.4010E-03,3.4122E+01
3.10E-06,3095.0,0.401,6.5510E-04,5.0627E+00
3.09E-06,3090.0,0.401,2.3805E-03,1.8337E+01
3.09E-06,3085.0,0.402,1.7671E-03,1.3568E+01
3.08E-06,3080.0,0.403,3.6224E-03,2.7724E+01
3.08E-06,3075.0,0.403,6.0221E-03,4.5940E+01
3.07E-06,3070.0,0.404,1.7492E-03,1.3301E+01
3.07E-06,3065.0,0.405,2.9113E-03,2.2065E+01
3.06E-06,3060.0,0.405,6.3012E-03,4.7601E+01
3.06E-06,3055.0,0.406,2.8947E-04,2.1796E+00
3.05E-06,3050.0,0.407,1.0321E-03,7.7460E+00
3.05E-06,3045.0,0.407,4.2090E-03,3.1485E+01
3.04E-06,3040.0,0.408,2.0242E-03,1.5092E+01
3.04E-06,3035.0,0.409,2.4986E-03,1.8568E+01
3.03E-06,3030.0,0.409,6.0753E-03,4.4999E+01
3.03E-06,3025.0,0.410,7.5031E-03,5.5392E+01
3.02E-06,3020.0,0.411,6.3369E-04,4.6628E+00
3.02E-06,3015.0,0.411,5.5551E-03,4.0740E+01
3.01E-06,3010.0,0.412,6.8479E-03,5.0055E+01
3.01E-06,3005.0,0.413,2.8906E-03,2.1059E+01
3.00E-06,3000.0,0.413,7.8472E-03,5.6978E+01
3.00E-06,2995.0,0.414,4.2755E-03,3.0941E+01
2.99E-06,2990.0,0.415,1.0280E-02,7.4146E+01
2.99E-06,2985.0,0.415,6.9628E-03,5.0053E+01
2.98E-06,2980.0,0.416,1.3381E-03,9.5868E+00
2.98E-06,2975.0,0.417,8.5429E-04,6.1000E+00
2.97E-06,2970.0,0.418,3.5233E-04,2.5074E+00
2.97E-06,2965.0,0.418,7.4379E-03,5.2754E+01
2.96E-06,2960.0,0.419,4.5971E-03,3.2495E+01
2.96E-06,2955.0,0.420,2.3361E-03,1.6457E+01
2.95E-06,2950.0,0.420,5.2276E-03,3.6703E+01
2.95E-06,2945.0,0.421,1.4489E-03,1.0138E+01
2.94E-06,2940.0,0.422,1.6273E-03,1.1348E+01
2.94E-06,2935.0,0.422,6.4903E-03,4.5106E+01
2.93E-06,2930.0,0.423,5.8858E-03,4.0766E+01
2.93E-06,2925.0,0.424,1.0835E-03,7.4788E+00
2.92E-06,2920.0,0.425,2.8948E-03,1.9913E+01
2.92E-06,2915.0,0.425,1.2581E-03,8.6247E+00
2.91E-06,2910.0,0.426,2.7220E-03,1.8596E+01
2.91E-06,2905.0,0.427,1.1096E-04,7.5546E-01
2.90E-06,2900.0,0.428,8.1152E-04,5.5062E+00
2.90E-06,2895.0,0.428,2.6643E-03,1.8015E+01
2.89E-06,2890.0,0.429,1.8623E-04,1.2549E+00
2.89E-06,2885.0,0.430,4.5332E-04,3.0440E+00
2.88E-06,2880.0,0.431,2.4724E-04,1.6545E+00
2.88E-06,2875.0,0.431,3.9170E-04,2.6121E+00
2.87E-06,2870.0,0.432,6.3129E-06,4.1951E-02
2.87E-06,2865.0,0.433,1.6763E-04,1.1101E+00
2.86E-06,2860.0,0.434,2.5356E-05,1.6733E-01
2.86E-06,2855.0,0.434,4.4867E-07,2.9505E-03
2.85E-06,2850.0,0.435,1.1566E-06,7.5793E-03
2.85E-06,2845.0,0.436,4.0575E-05,2.6496E-01
2.84E-06,2840.0,0.437,1.9609E-07,1.2760E-03
2.84E-06,2835.0,0.437,2.1276E-10,1.3796E-06
2.83E-06,2830.0,0.438,3.9008E-06,2.5205E-02
2.83E-06,2825.0,0.439,1.7605E-07,1.1335E-03
2.82E-06,2820.0,0.440,2.0548E-11,1.3183E-07
2.82E-06,2815.0,0.440,2.8685E-10,1.8339E-06
2.81E-06,2810.0,0.441,4.0233E-10,2.5630E-06
2.81E-06,2805.0,0.442,6.7478E-14,4.2833E-10
2.80E-06,2800.0,0.443,1.6484E-12,1.0426E-08
2.80E-06,2795.0,0.444,3.6205E-16,2.2818E-12
2.79E-06,2790.0,0.444,1.2170E-16,7.6428E-13
2.79E-06,2785.0,0.445,3.8866E-27,2.4321E-23
2.78E-06,2780.0,0.446,4.8067E-34,2.9970E-30
2.78E-06,2775.0,0.447,3.9990E-38,2.4845E-34
2.77E-06,2770.0,0.448,8.3791E-24,5.1869E-20
2.77E-06,2765.0,0.448,2.6777E-27,1.6516E-23
2.76E-06,2760.0,0.449,0.0000E+00,0.0000E+00
2.76E-06,2755.0,0.450,6.7262E-44,4.1188E-40
2.75E-06,2750.0,0.451,1.6648E-28,1.0157E-24
2.75E-06,2745.0,0.452,1.3146E-23,7.9916E-20
2.74E-06,2740.0,0.453,2.3314E-27,1.4121E-23
2.74E-06,2735.0,0.453,5.4888E-21,3.3124E-17
2.73E-06,2730.0,0.454,6.0734E-19,3.6518E-15
2.73E-06,2725.0,0.455,7.2935E-22,4.3694E-18
2.72E-06,2720.0,0.456,5.6052E-45,3.3457E-41
2.72E-06,2715.0,0.457,3.8557E-26,2.2930E-22
2.71E-06,2710.0,0.458,1.1250E-35,6.6657E-32
2.71E-06,2705.0,0.458,2.9315E-42,1.7305E-38
2.70E-06,2700.0,0.459,0.0000E+00,0.0000E+00
2.70E-06,2695.0,0.460,7.1284E-33,4.1770E-29
2.69E-06,2690.0,0.461,1.0226E-29,5.9699E-26
2.69E-06,2685.0,0.462,0.0000E+00,0.0000E+00
2.68E-06,2680.0,0.463,0.0000E+00,0.0000E+00
2.68E-06,2675.0,0.464,0.0000E+00,0.0000E+00
2.67E-06,2670.0,0.464,0.0000E+00,0.0000E+00
2.67E-06,2665.0,0.465,1.1123E-37,6.3734E-34
2.66E-06,2660.0,0.466,2.6068E-25,1.4881E-21
2.66E-06,2655.0,0.467,1.3133E-27,7.4687E-24
2.65E-06,2650.0,0.468,1.4295E-19,8.0990E-16
2.65E-06,2645.0,0.469,8.9988E-19,5.0791E-15
2.64E-06,2640.0,0.470,1.1750E-16,6.6069E-13
2.64E-06,2635.0,0.471,3.9027E-16,2.1861E-12
2.63E-06,2630.0,0.471,2.8026E-45,1.5640E-41
2.63E-06,2625.0,0.472,3.8687E-28,2.1507E-24
2.62E-06,2620.0,0.473,5.6505E-29,3.1293E-25
2.62E-06,2615.0,0.474,1.1196E-37,6.1767E-34
2.61E-06,2610.0,0.475,5.9447E-34,3.2671E-30
2.61E-06,2605.0,0.476,5.8053E-35,3.1783E-31
2.60E-06,2600.0,0.477,4.4912E-28,2.4494E-24
2.60E-06,2595.0,0.478,2.2838E-33,1.2408E-29
2.59E-06,2590.0,0.479,5.4793E-31,2.9654E-27
2.59E-06,2585.0,0.480,1.7194E-34,9.2694E-31
2.58E-06,2580.0,0.481,3.8214E-22,2.0522E-18
2.58E-06,2575.0,0.482,1.0786E-27,5.7699E-24
2.57E-06,2570.0,0.482,1.5258E-18,8.1305E-15
2.57E-06,2565.0,0.483,1.5955E-14,8.4689E-11
2.56E-06,2560.0,0.484,3.1020E-11,1.6401E-07
2.56E-06,2555.0,0.485,1.0435E-09,5.4958E-06
2.55E-06,2550.0,0.486,2.8222E-13,1.4805E-09
2.55E-06,2545.0,0.487,5.3758E-11,2.8091E-07
2.54E-06,2540.0,0.488,3.7716E-07,1.9631E-03
2.54E-06,2535.0,0.489,1.7502E-07,9.0740E-04
2.53E-06,2530.0,0.490,6.3593E-07,3.2840E-03
2.53E-06,2525.0,0.491,4.1393E-05,2.1291E-01
2.52E-06,2520.0,0.492,3.7054E-04,1.8984E+00
2.52E-06,2515.0,0.493,5.1880E-04,2.6475E+00
2.51E-06,2510.0,0.494,2.2163E-03,1.1265E+01
2.51E-06,2505.0,0.495,1.5191E-03,7.6905E+00
2.50E-06,2500.0,0.496,7.0642E-03,3.5620E+01
2.50E-06,2495.0,0.497,2.8772E-03,1.4450E+01
2.49E-06,2490.0,0.498,3.5113E-03,1.7564E+01
2.49E-06,2485.0,0.499,5.6102E-03,2.7950E+01
2.48E-06,2480.0,0.500,8.0395E-03,3.9892E+01
2.48E-06,2475.0,0.501,1.6455E-02,8.1321E+01
2.47E-06,2470.0,0.502,1.6727E-02,8.2331E+01
2.47E-06,2465.0,0.503,2.4148E-02,1.1838E+02
2.46E-06,2460.0,0.504,3.3363E-02,1.6289E+02
2.46E-06,2455.0,0.505,2.4853E-02,1.2085E+02
2.45E-06,2450.0,0.506,1.3611E-02,6.5914E+01
2.45E-06,2445.0,0.507,2.0798E-02,1.0031E+02
2.44E-06,2440.0,0.508,4.3249E-02,2.0773E+02
2.44E-06,2435.0,0.509,1.4878E-02,7.1170E+01
2.43E-06,2430.0,0.510,4.5099E-02,2.1485E+02
2.43E-06,2425.0,0.511,3.3078E-02,1.5693E+02
2.42E-06,2420.0,0.512,2.6590E-02,1.2563E+02
2.42E-06,2415.0,0.513,2.7300E-02,1.2845E+02
2.41E-06,2410.0,0.515,3.3813E-02,1.5844E+02
2.41E-06,2405.0,0.516,3.3599E-02,1.5679E+02
2.40E-06,2400.0,0.517,4.4150E-02,2.0517E+02
2.40E-06,2395.0,0.518,4.0594E-02,1.8786E+02
2.39E-06,2390.0,0.519,3.7109E-02,1.7101E+02
2.39E-06,2385.0,0.520,3.0826E-02,1.4146E+02
2.38E-06,2380.0,0.521,4.2552E-02,1.9446E+02
2.38E-06,2375.0,0.522,4.4147E-02,2.0090E+02
2.37E-06,2370.0,0.523,3.0817E-02,1.3965E+02
2.37E-06,2365.0,0.524,4.9409E-02,2.2296E+02
2.36E-06,2360.0,0.525,5.0237E-02,2.2574E+02
2.36E-06,2355.0,0.527,4.7473E-02,2.1241E+02
2.35E-06,2350.0,0.528,4.1536E-02,1.8506E+02
2.35E-06,2345.0,0.529,5.1400E-02,2.2804E+02
2.34E-06,2340.0,0.530,4.5836E-02,2.0248E+02
2.34E-06,2335.0,0.531,5.7967E-02,2.5498E+02
2.33E-06,2330.0,0.532,5.6824E-02,2.4888E+02
2.33E-06,2325.0,0.533,5.6215E-02,2.4516E+02
2.32E-06,2320.0,0.534,5.2031E-02,2.2594E+02
2.32E-06,2315.0,0.536,5.8141E-02,2.5138E+02
2.31E-06,2310.0,0.537,6.3870E-02,2.7496E+02
2.31E-06,2305.0,0.538,5.9171E-02,2.5363E+02
2.30E-06,2300.0,0.539,5.8824E-02,2.5105E+02
2.30E-06,2295.0,0.540,6.1265E-02,2.6033E+02
2.29E-06,2290.0,0.541,6.3220E-02,2.6747E+02
2.29E-06,2285.0,0.543,6.3080E-02,2.6572E+02
2.28E-06,2280.0,0.544,6.6288E-02,2.7801E+02
2.28E-06,2275.0,0.545,6.4021E-02,2.6732E+02
2.27E-06,2270.0,0.546,6.4867E-02,2.6967E+02
2.27E-06,2265.0,0.547,6.8137E-02,2.8202E+02
2.26E-06,2260.0,0.549,6.6929E-02,2.7579E+02
2.26E-06,2255.0,0.550,6.7690E-02,2.7770E+02
2.25E-06,2250.0,0.551,7.1937E-02,2.9381E+02
2.25E-06,2245.0,0.552,7.0838E-02,2.8804E+02
2.24E-06,2240.0,0.554,7.3118E-02,2.9599E+02
2.24E-06,2235.0,0.555,7.4299E-02,2.9943E+02
2.23E-06,2230.0,0.556,7.5773E-02,3.0400E+02
2.23E-06,2225.0,0.557,7.5453E-02,3.0136E+02
2.22E-06,2220.0,0.559,7.7730E-02,3.0906E+02
2.22E-06,2215.0,0.560,7.6273E-02,3.0191E+02
2.21E-06,2210.0,0.561,7.9315E-02,3.1253E+02
2.21E-06,2205.0,0.562,7.4010E-02,2.9031E+02
2.20E-06,2200.0,0.564,7.1202E-02,2.7803E+02
2.20E-06,2195.0,0.565,7.8992E-02,3.0705E+02
2.19E-06,2190.0,0.566,7.9068E-02,3.0594E+02
2.19E-06,2185.0,0.568,7.4550E-02,2.8715E+02
2.18E-06,2180.0,0.569,8.1808E-02,3.1366E+02
2.18E-06,2175.0,0.570,8.0448E-02,3.0703E+02
2.17E-06,2170.0,0.571,8.1996E-02,3.1151E+02
2.17E-06,2165.0,0.573,7.6310E-02,2.8857E+02
2.16E-06,2160.0,0.574,8.4170E-02,3.1682E+02
2.16E-06,2155.0,0.575,8.4840E-02,3.1787E+02
2.15E-06,2150.0,0.577,8.4639E-02,3.1565E+02
2.15E-06,2145.0,0.578,8.9486E-02,3.3217E+02
2.14E-06,2140.0,0.579,9.0767E-02,3.3536E+02
2.14E-06,2135.0,0.581,9.0044E-02,3.3113E+02
2.13E-06,2130.0,0.582,8.9774E-02,3.2860E+02
2.13E-06,2125.0,0.584,8.8632E-02,3.2290E+02
2.12E-06,2120.0,0.585,8.7588E-02,3.1759E+02
2.12E-06,2115.0,0.586,9.1673E-02,3.3084E+02
2.11E-06,2110.0,0.588,8.9654E-02,3.2202E+02
2.11E-06,2105.0,0.589,9.3153E-02,3.3301E+02
2.10E-06,2100.0,0.590,8.6133E-02,3.0645E+02
2.10E-06,2095.0,0.592,8.9747E-02,3.1779E+02
2.09E-06,2090.0,0.593,8.9100E-02,3.1400E+02
2.09E-06,2085.0,0.595,8.5102E-02,2.9847E+02
2.08E-06,2080.0,0.596,8.6812E-02,3.0301E+02
2.08E-06,2075.0,0.598,7.7443E-02,2.6901E+02
2.07E-06,2070.0,0.599,6.5676E-02,2.2704E+02
2.07E-06,2065.0,0.600,6.1875E-02,2.1287E+02
2.06E-06,2060.0,0.602,6.9193E-02,2.3689E+02
2.06E-06,2055.0,0.603,5.4906E-02,1.8707E+02
2.05E-06,2050.0,0.605,6.7927E-02,2.3031E+02
2.05E-06,2045.0,0.606,9.1074E-02,3.0728E+02
2.04E-06,2040.0,0.608,8.9781E-02,3.0144E+02
2.04E-06,2035.0,0.609,9.6386E-02,3.2203E+02
2.03E-06,2030.0,0.611,8.4856E-02,2.8212E+02
2.03E-06,2025.0,0.612,7.4010E-02,2.4485E+02
2.02E-06,2020.0,0.614,4.4981E-02,1.4808E+02
2.02E-06,2015.0,0.615,2.6648E-02,8.7291E+01
2.01E-06,2010.0,0.617,3.9748E-02,1.2956E+02
2.01E-06,2005.0,0.618,1.5001E-02,4.8652E+01
2.00E-06,2000.0,0.620,3.8156E-02,1.2313E+02
2.00E-06,1995.0,0.622,8.1190E-02,2.6070E+02
1.99E-06,1990.0,0.623,8.5613E-02,2.7353E+02
1.99E-06,1985.0,0.625,8.3063E-02,2.6405E+02
1.98E-06,1980.0,0.626,7.5512E-02,2.3884E+02
1.98E-06,1975.0,0.628,6.7857E-02,2.1354E+02
1.97E-06,1970.0,0.629,4.8847E-02,1.5294E+02
1.97E-06,1965.0,0.631,2.8563E-02,8.8978E+01
1.96E-06,1960.0,0.633,2.1906E-02,6.7894E+01
1.96E-06,1955.0,0.634,1.0036E-02,3.0946E+01
1.95E-06,1950.0,0.636,1.6727E-02,5.1315E+01
1.95E-06,1945.0,0.638,1.0863E-02,3.3154E+01
1.94E-06,1940.0,0.639,3.2821E-03,9.9657E+00
1.94E-06,1935.0,0.641,3.5935E-03,1.0855E+01
1.93E-06,1930.0,0.642,5.5242E-04,1.6601E+00
1.93E-06,1925.0,0.644,9.3615E-04,2.7987E+00
1.92E-06,1920.0,0.646,4.5069E-04,1.3404E+00
1.92E-06,1915.0,0.648,1.9947E-05,5.9016E-02
1.91E-06,1910.0,0.649,2.3045E-05,6.7826E-02
1.91E-06,1905.0,0.651,5.6667E-07,1.6591E-03
1.90E-06,1900.0,0.653,8.6221E-07,2.5112E-03
1.90E-06,1895.0,0.654,1.2947E-04,3.7509E-01
1.89E-06,1890.0,0.656,2.2333E-04,6.4361E-01
1.89E-06,1885.0,0.658,4.3890E-05,1.2582E-01
1.88E-06,1880.0,0.660,7.7505E-05,2.2100E-01
1.88E-06,1875.0,0.661,4.5130E-10,1.2800E-06
1.87E-06,1870.0,0.663,2.6662E-10,7.5219E-07
1.87E-06,1865.0,0.665,1.6982E-05,4.7654E-02
1.86E-06,1860.0,0.667,1.1151E-05,3.1124E-02
1.86E-06,1855.0,0.668,2.8396E-07,7.8831E-04
1.85E-06,1850.0,0.670,2.9993E-06,8.2816E-03
1.85E-06,1845.0,0.672,6.2658E-06,1.7208E-02
1.84E-06,1840.0,0.674,6.2703E-08,1.7127E-04
1.84E-06,1835.0,0.676,6.4190E-06,1.7438E-02
1.83E-06,1830.0,0.678,5.2041E-06,1.4061E-02
1.83E-06,1825.0,0.679,1.2744E-03,3.4244E+00
1.82E-06,1820.0,0.681,9.8755E-04,2.6391E+00
1.82E-06,1815.0,0.683,3.2816E-03,8.7215E+00
1.81E-06,1810.0,0.685,9.6911E-03,2.5614E+01
1.81E-06,1805.0,0.687,1.4815E-02,3.8941E+01
1.80E-06,1800.0,0.689,3.1828E-02,8.3197E+01
1.80E-06,1795.0,0.691,4.6931E-02,1.2200E+02
1.79E-06,1790.0,0.693,8.8904E-02,2.2982E+02
1.79E-06,1785.0,0.695,7.6981E-02,1.9789E+02
1.78E-06,1780.0,0.697,1.0050E-01,2.5690E+02
1.78E-06,1775.0,0.699,1.1484E-01,2.9191E+02
1.77E-06,1770.0,0.701,1.4172E-01,3.5820E+02
1.77E-06,1765.0,0.703,1.3284E-01,3.3387E+02
1.76E-06,1760.0,0.705,1.5998E-01,3.9980E+02
1.76E-06,1755.0,0.707,1.5301E-01,3.8021E+02
1.75E-06,1750.0,0.709,1.6566E-01,4.0931E+02
1.75E-06,1745.0,0.711,1.5481E-01,3.8031E+02
1.74E-06,1740.0,0.713,1.6818E-01,4.1080E+02
1.74E-06,1735.0,0.715,1.6154E-01,3.9231E+02
1.73E-06,1730.0,0.717,1.7407E-01,4.2031E+02
1.73E-06,1725.0,0.719,1.7808E-01,4.2751E+02
1.72E-06,1720.0,0.721,1.8698E-01,4.4628E+02
1.72E-06,1715.0,0.723,1.8965E-01,4.5002E+02
1.71E-06,1710.0,0.725,1.8790E-01,4.4327E+02
1.71E-06,1705.0,0.727,1.9778E-01,4.6386E+02
1.70E-06,1702.0,0.729,2.0396E-01,4.7667E+02
1.70E-06,1700.0,0.729,1.9975E-01,4.6573E+02
1.70E-06,1699.0,0.730,2.0551E-01,4.7860E+02
1.70E-06,1698.0,0.730,2.0739E-01,4.8241E+02
1.70E-06,1697.0,0.731,1.8107E-01,4.2069E+02
1.70E-06,1696.0,0.731,2.0922E-01,4.8552E+02
1.70E-06,1695.0,0.732,2.0968E-01,4.8602E+02
1.69E-06,1694.0,0.732,2.0477E-01,4.7407E+02
1.69E-06,1693.0,0.732,2.1134E-01,4.8871E+02
1.69E-06,1692.0,0.733,2.0708E-01,4.7829E+02
1.69E-06,1691.0,0.733,1.9303E-01,4.4531E+02
1.69E-06,1690.0,0.734,2.0523E-01,4.7290E+02
1.69E-06,1689.0,0.734,2.0718E-01,4.7683E+02
1.69E-06,1688.0,0.735,2.1013E-01,4.8304E+02
1.69E-06,1687.0,0.735,2.0484E-01,4.7033E+02
1.69E-06,1686.0,0.735,2.1026E-01,4.8220E+02
1.69E-06,1685.0,0.736,2.1321E-01,4.8838E+02
1.68E-06,1684.0,0.736,1.9797E-01,4.5294E+02
1.68E-06,1683.0,0.737,2.0906E-01,4.7774E+02
1.68E-06,1682.0,0.737,2.0366E-01,4.6485E+02
1.68E-06,1681.0,0.738,1.9447E-01,4.4334E+02
1.68E-06,1680.0,0.738,2.0558E-01,4.6812E+02
1.68E-06,1679.0,0.739,2.1303E-01,4.8450E+02
1.68E-06,1678.0,0.739,2.0915E-01,4.7511E+02
1.68E-06,1677.0,0.739,2.1229E-01,4.8167E+02
1.68E-06,1676.0,0.740,2.1145E-01,4.7919E+02
1.68E-06,1675.0,0.740,2.1360E-01,4.8349E+02
1.67E-06,1674.0,0.741,2.1575E-01,4.8777E+02
1.67E-06,1673.0,0.741,2.1629E-01,4.8841E+02
1.67E-06,1672.0,0.742,2.1147E-01,4.7695E+02
1.67E-06,1671.0,0.742,2.1879E-01,4.9287E+02
1.67E-06,1670.0,0.743,2.2168E-01,4.9878E+02
1.67E-06,1669.0,0.743,2.1516E-01,4.8353E+02
1.67E-06,1668.0,0.743,2.1459E-01,4.8168E+02
1.67E-06,1667.0,0.744,2.1068E-01,4.7233E+02
1.67E-06,1666.0,0.744,1.7884E-01,4.0047E+02
1.67E-06,1665.0,0.745,2.1178E-01,4.7366E+02
1.66E-06,1664.0,0.745,2.2098E-01,4.9364E+02
1.66E-06,1663.0,0.746,2.2235E-01,4.9611E+02
1.66E-06,1662.0,0.746,2.1908E-01,4.8822E+02
1.66E-06,1661.0,0.747,2.2384E-01,4.9823E+02
1.66E-06,1660.0,0.747,2.2332E-01,4.9647E+02
1.66E-06,1659.0,0.747,2.2120E-01,4.9117E+02
1.66E-06,1658.0,0.748,2.2487E-01,4.9872E+02
1.66E-06,1657.0,0.748,2.2223E-01,4.9227E+02
1.66E-06,1656.0,0.749,2.2101E-01,4.8897E+02
1.66E-06,1655.0,0.749,2.2231E-01,4.9126E+02
1.65E-06,1654.0,0.750,2.1583E-01,4.7636E+02
1.65E-06,1653.0,0.750,2.2277E-01,4.9108E+02
1.65E-06,1652.0,0.751,2.2373E-01,4.9260E+02
1.65E-06,1651.0,0.751,2.0855E-01,4.5862E+02
1.65E-06,1650.0,0.752,2.2526E-01,4.9477E+02
1.65E-06,1649.0,0.752,2.1867E-01,4.7972E+02
1.65E-06,1648.0,0.752,2.1655E-01,4.7449E+02
1.65E-06,1647.0,0.753,2.2768E-01,4.9827E+02
1.65E-06,1646.0,0.753,2.1749E-01,4.7539E+02
1.65E-06,1645.0,0.754,2.1822E-01,4.7641E+02
1.64E-06,1644.0,0.754,2.2355E-01,4.8745E+02
1.64E-06,1643.0,0.755,2.1535E-01,4.6900E+02
1.64E-06,1642.0,0.755,2.2082E-01,4.8033E+02
1.64E-06,1641.0,0.756,2.1960E-01,4.7709E+02
1.64E-06,1640.0,0.756,2.1511E-01,4.6677E+02
1.64E-06,1639.0,0.757,2.2026E-01,4.7736E+02
1.64E-06,1638.0,0.757,2.2007E-01,4.7637E+02
1.64E-06,1637.0,0.757,2.2700E-01,4.9077E+02
1.64E-06,1636.0,0.758,2.3539E-01,5.0829E+02
1.64E-06,1635.0,0.758,2.3367E-01,5.0396E+02
1.63E-06,1634.0,0.759,2.3282E-01,5.0151E+02
1.63E-06,1633.0,0.759,2.3267E-01,5.0057E+02
1.63E-06,1632.0,0.760,2.3821E-01,5.1186E+02
1.63E-06,1631.0,0.760,2.3806E-01,5.1091E+02
1.63E-06,1630.0,0.761,2.3651E-01,5.0697E+02
1.63E-06,1629.0,0.761,2.4137E-01,5.1675E+02
1.63E-06,1628.0,0.762,2.4126E-01,5.1588E+02
1.63E-06,1627.0,0.762,2.4078E-01,5.1422E+02
1.63E-06,1626.0,0.763,2.3971E-01,5.1131E+02
1.63E-06,1625.0,0.763,2.3782E-01,5.0665E+02
1.62E-06,1624.0,0.764,2.4269E-01,5.1639E+02
1.62E-06,1623.0,0.764,2.4246E-01,5.1526E+02
1.62E-06,1622.0,0.764,2.3754E-01,5.0419E+02
1.62E-06,1621.0,0.765,2.3430E-01,4.9670E+02
1.62E-06,1620.0,0.765,2.3449E-01,4.9649E+02
1.62E-06,1619.0,0.766,2.4100E-01,5.0964E+02
1.62E-06,1618.0,0.766,2.4352E-01,5.1433E+02
1.62E-06,1617.0,0.767,2.3465E-01,4.9499E+02
1.62E-06,1616.0,0.767,2.3050E-01,4.8563E+02
1.62E-06,1615.0,0.768,2.4104E-01,5.0721E+02
1.61E-06,1614.0,0.768,2.3838E-01,5.0099E+02
1.61E-06,1613.0,0.769,2.3719E-01,4.9787E+02
1.61E-06,1612.0,0.769,2.3076E-01,4.8378E+02
1.61E-06,1611.0,0.770,2.2680E-01,4.7488E+02
1.61E-06,1610.0,0.770,2.1760E-01,4.5506E+02
1.61E-06,1609.0,0.771,2.2727E-01,4.7469E+02
1.61E-06,1608.0,0.771,2.2990E-01,4.7958E+02
1.61E-06,1607.0,0.772,2.3296E-01,4.8536E+02
1.61E-06,1606.0,0.772,2.4140E-01,5.0232E+02
1.61E-06,1605.0,0.773,2.3683E-01,4.9220E+02
1.60E-06,1604.0,0.773,2.2842E-01,4.7413E+02
1.60E-06,1603.0,0.774,2.2397E-01,4.6431E+02
1.60E-06,1602.0,0.774,2.2413E-01,4.6406E+02
1.60E-06,1601.0,0.775,2.2323E-01,4.6162E+02
1.60E-06,1600.0,0.775,2.3810E-01,4.9176E+02
1.60E-06,1599.0,0.775,2.4202E-01,4.9923E+02
1.60E-06,1598.0,0.776,2.5421E-01,5.2372E+02
1.60E-06,1597.0,0.776,2.4692E-01,5.0807E+02
1.60E-06,1596.0,0.777,2.4452E-01,5.0250E+02
1.60E-06,1595.0,0.777,2.5823E-01,5.3001E+02
1.59E-06,1594.0,0.778,2.5624E-01,5.2526E+02
1.59E-06,1593.0,0.778,2.5833E-01,5.2888E+02
1.59E-06,1592.0,0.779,2.5225E-01,5.1579E+02
1.59E-06,1591.0,0.779,2.4197E-01,4.9415E+02
1.59E-06,1590.0,0.780,2.4179E-01,4.9316E+02
1.59E-06,1589.0,0.780,2.3233E-01,4.7327E+02
1.59E-06,1588.0,0.781,2.5107E-01,5.1080E+02
1.59E-06,1587.0,0.781,2.5303E-01,5.1414E+02
1.59E-06,1586.0,0.782,2.5569E-01,5.1889E+02
1.59E-06,1585.0,0.782,2.5874E-01,5.2442E+02
1.58E-06,1584.0,0.783,2.4904E-01,5.0412E+02
1.58E-06,1583.0,0.783,2.4755E-01,5.0047E+02
1.58E-06,1582.0,0.784,2.4195E-01,4.8853E+02
1.58E-06,1581.0,0.784,2.4870E-01,5.0153E+02
1.58E-06,1580.0,0.785,2.4464E-01,4.9271E+02
1.58E-06,1579.0,0.785,2.3672E-01,4.7616E+02
1.58E-06,1578.0,0.786,2.3516E-01,4.7242E+02
1.58E-06,1577.0,0.786,2.1602E-01,4.3342E+02
1.58E-06,1576.0,0.787,2.4678E-01,4.9451E+02
1.58E-06,1575.0,0.787,2.3974E-01,4.7979E+02
1.57E-06,1574.0,0.788,2.4145E-01,4.8260E+02
1.57E-06,1573.0,0.788,2.3407E-01,4.6726E+02
1.57E-06,1572.0,0.789,2.3775E-01,4.7400E+02
1.57E-06,1571.0,0.789,2.3507E-01,4.6806E+02
1.57E-06,1570.0,0.790,2.4175E-01,4.8075E+02
1.57E-06,1569.0,0.790,2.5452E-01,5.0550E+02
1.57E-06,1568.0,0.791,2.5722E-01,5.1021E+02
1.57E-06,1567.0,0.791,2.6308E-01,5.2117E+02
1.57E-06,1566.0,0.792,2.6245E-01,5.1926E+02
1.57E-06,1565.0,0.792,2.6728E-01,5.2814E+02
1.56E-06,1564.0,0.793,2.6264E-01,5.1831E+02
1.56E-06,1563.0,0.793,2.6667E-01,5.2559E+02
1.56E-06,1562.0,0.794,2.6756E-01,5.2667E+02
1.56E-06,1561.0,0.794,2.7002E-01,5.3083E+02
1.56E-06,1560.0,0.795,2.6568E-01,5.2163E+02
1.56E-06,1559.0,0.795,2.6808E-01,5.2567E+02
1.56E-06,1558.0,0.796,2.6848E-01,5.2578E+02
1.56E-06,1557.0,0.796,2.7062E-01,5.2929E+02
1.56E-06,1556.0,0.797,2.6310E-01,5.1392E+02
1.56E-06,1555.0,0.797,2.6759E-01,5.2202E+02
1.55E-06,1554.0,0.798,2.6474E-01,5.1579E+02
1.55E-06,1553.0,0.798,2.7132E-01,5.2793E+02
1.55E-06,1552.0,0.799,2.7182E-01,5.2822E+02
1.55E-06,1551.0,0.799,2.7058E-01,5.2514E+02
1.55E-06,1550.0,0.800,2.6990E-01,5.2314E+02
1.55E-06,1549.0,0.801,2.7342E-01,5.2928E+02
1.55E-06,1548.0,0.801,2.6675E-01,5.1570E+02
1.55E-06,1547.0,0.802,2.7309E-01,5.2728E+02
1.55E-06,1546.0,0.802,2.7481E-01,5.2991E+02
1.55E-06,1545.0,0.803,2.7705E-01,5.3354E+02
1.54E-06,1544.0,0.803,2.7210E-01,5.2333E+02
1.54E-06,1543.0,0.804,2.7208E-01,5.2261E+02
1.54E-06,1542.0,0.804,2.6927E-01,5.1655E+02
1.54E-06,1541.0,0.805,2.6904E-01,5.1544E+02
1.54E-06,1540.0,0.805,2.6491E-01,5.0687E+02
1.54E-06,1539.0,0.806,2.7295E-01,5.2157E+02
1.54E-06,1538.0,0.806,2.7202E-01,5.1912E+02
1.54E-06,1537.0,0.807,2.7336E-01,5.2100E+02
1.54E-06,1536.0,0.807,2.7464E-01,5.2276E+02
1.54E-06,1535.0,0.808,2.6686E-01,5.0729E+02
1.53E-06,1534.0,0.808,2.6892E-01,5.1054E+02
1.53E-06,1533.0,0.809,2.7714E-01,5.2546E+02
1.53E-06,1532.0,0.809,2.7839E-01,5.2714E+02
1.53E-06,1531.0,0.810,2.6973E-01,5.1007E+02
1.53E-06,1530.0,0.810,2.5522E-01,4.8200E+02
1.53E-06,1529.0,0.811,2.7244E-01,5.1385E+02
1.53E-06,1528.0,0.812,2.7928E-01,5.2607E+02
1.53E-06,1527.0,0.812,2.6220E-01,4.9325E+02
1.53E-06,1526.0,0.813,2.6745E-01,5.0246E+02
1.53E-06,1525.0,0.813,2.5884E-01,4.8565E+02
1.52E-06,1524.0,0.814,2.7539E-01,5.1603E+02
1.52E-06,1523.0,0.814,2.8004E-01,5.2405E+02
1.52E-06,1522.0,0.815,2.6378E-01,4.9297E+02
1.52E-06,1521.0,0.815,2.7505E-01,5.1336E+02
1.52E-06,1520.0,0.816,2.6450E-01,4.9302E+02
1.52E-06,1519.0,0.816,2.4437E-01,4.5490E+02
1.52E-06,1518.0,0.817,2.5211E-01,4.6869E+02
1.52E-06,1517.0,0.817,2.4929E-01,4.6284E+02
1.52E-06,1516.0,0.818,2.5683E-01,4.7621E+02
1.52E-06,1515.0,0.818,2.6573E-01,4.9206E+02
1.51E-06,1514.0,0.819,2.2571E-01,4.1740E+02
1.51E-06,1513.0,0.820,2.4239E-01,4.4766E+02
1.51E-06,1512.0,0.820,2.6068E-01,4.8080E+02
1.51E-06,1511.0,0.821,2.6474E-01,4.8764E+02
1.51E-06,1510.0,0.821,2.7052E-01,4.9763E+02
1.51E-06,1509.0,0.822,1.8690E-01,3.4335E+02
1.51E-06,1508.0,0.822,2.4302E-01,4.4586E+02
1.51E-06,1507.0,0.823,2.5514E-01,4.6748E+02
1.51E-06,1506.0,0.823,2.5773E-01,4.7159E+02
1.51E-06,1505.0,0.824,1.8402E-01,3.3627E+02
1.50E-06,1504.0,0.824,1.6029E-01,2.9252E+02
1.50E-06,1503.0,0.825,1.8493E-01,3.3704E+02
1.50E-06,1502.0,0.826,2.3356E-01,4.2510E+02
1.50E-06,1501.0,0.826,2.6552E-01,4.8263E+02
1.50E-06,1500.0,0.827,2.5061E-01,4.5492E+02
1.50E-06,1499.0,0.827,2.1759E-01,3.9445E+02
1.50E-06,1498.0,0.828,1.8968E-01,3.4340E+02
1.50E-06,1497.0,0.828,2.2850E-01,4.1313E+02
1.50E-06,1496.0,0.829,1.6852E-01,3.0428E+02
1.50E-06,1495.0,0.829,1.8253E-01,3.2913E+02
1.49E-06,1494.0,0.830,2.0367E-01,3.6676E+02
1.49E-06,1493.0,0.831,1.8157E-01,3.2653E+02
1.49E-06,1492.0,0.831,1.6441E-01,2.9527E+02
1.49E-06,1491.0,0.832,1.9778E-01,3.5472E+02
1.49E-06,1490.0,0.832,1.7478E-01,3.1305E+02
1.49E-06,1489.0,0.833,1.8973E-01,3.3937E+02
1.49E-06,1488.0,0.833,9.4180E-02,1.6824E+02
1.49E-06,1487.0,0.834,6.0629E-02,1.0816E+02
1.49E-06,1486.0,0.834,1.2340E-01,2.1984E+02
1.49E-06,1485.0,0.835,1.2503E-01,2.2244E+02
1.48E-06,1484.0,0.836,1.3747E-01,2.4425E+02
1.48E-06,1483.0,0.836,1.4859E-01,2.6365E+02
1.48E-06,1482.0,0.837,5.8490E-02,1.0364E+02
1.48E-06,1481.0,0.837,1.1529E-01,2.0401E+02
1.48E-06,1480.0,0.838,6.0637E-02,1.0716E+02
1.48E-06,1479.0,0.838,1.2001E-01,2.1179E+02
1.48E-06,1478.0,0.839,6.3480E-02,1.1188E+02
1.48E-06,1477.0,0.840,6.9736E-02,1.2274E+02
1.48E-06,1476.0,0.840,6.8778E-02,1.2089E+02
1.48E-06,1475.0,0.841,1.8463E-01,3.2407E+02
1.47E-06,1474.0,0.841,9.7339E-02,1.7062E+02
1.47E-06,1473.0,0.842,7.0198E-02,1.2288E+02
1.47E-06,1472.0,0.842,4.6771E-02,8.1761E+01
1.47E-06,1471.0,0.843,1.7848E-02,3.1158E+01
1.47E-06,1470.0,0.844,4.9678E-02,8.6607E+01
1.47E-06,1469.0,0.844,9.4845E-02,1.6512E+02
1.47E-06,1468.0,0.845,7.6942E-02,1.3377E+02
1.47E-06,1467.0,0.845,3.6054E-02,6.2599E+01
1.47E-06,1466.0,0.846,6.5197E-02,1.1304E+02
1.47E-06,1465.0,0.846,9.3383E-02,1.6169E+02
1.46E-06,1464.0,0.847,1.5184E-01,2.6256E+02
1.46E-06,1463.0,0.848,4.3225E-02,7.4641E+01
1.46E-06,1462.0,0.848,1.3060E-01,2.2521E+02
1.46E-06,1461.0,0.849,9.0276E-02,1.5546E+02
1.46E-06,1460.0,0.849,8.5421E-02,1.4690E+02
1.46E-06,1459.0,0.850,1.6307E-01,2.8005E+02
1.46E-06,1458.0,0.850,1.3643E-01,2.3398E+02
1.46E-06,1457.0,0.851,1.1700E-01,2.0038E+02
1.46E-06,1456.0,0.852,8.8509E-02,1.5138E+02
1.46E-06,1455.0,0.852,6.6150E-02,1.1298E+02
1.45E-06,1454.0,0.853,1.3759E-01,2.3468E+02
1.45E-06,1453.0,0.853,8.1978E-02,1.3963E+02
1.45E-06,1452.0,0.854,6.2361E-02,1.0607E+02
1.45E-06,1451.0,0.855,1.1271E-02,1.9145E+01
1.45E-06,1450.0,0.855,2.7412E-02,4.6498E+01
1.45E-06,1449.0,0.856,1.0213E-01,1.7300E+02
1.45E-06,1448.0,0.856,1.1569E-01,1.9570E+02
1.45E-06,1447.0,0.857,3.6215E-02,6.1176E+01
1.45E-06,1446.0,0.858,2.3095E-02,3.8959E+01
1.45E-06,1445.0,0.858,4.9751E-02,8.3809E+01
1.44E-06,1444.0,0.859,6.1791E-02,1.0395E+02
1.44E-06,1443.0,0.859,4.5063E-02,7.5702E+01
1.44E-06,1442.0,0.860,3.6317E-02,6.0925E+01
1.44E-06,1441.0,0.861,3.1800E-02,5.3273E+01
1.44E-06,1440.0,0.861,3.9601E-02,6.6250E+01
1.44E-06,1439.0,0.862,5.1039E-02,8.5266E+01
1.44E-06,1438.0,0.862,1.3263E-02,2.2127E+01
1.44E-06,1437.0,0.863,2.9880E-02,4.9779E+01
1.44E-06,1436.0,0.864,3.8351E-02,6.3803E+01
1.44E-06,1435.0,0.864,2.1416E-02,3.5579E+01
1.43E-06,1434.0,0.865,2.0962E-02,3.4776E+01
1.43E-06,1433.0,0.865,3.5834E-02,5.9366E+01
1.43E-06,1432.0,0.866,2.5194E-03,4.1681E+00
1.43E-06,1431.0,0.867,5.0156E-02,8.2862E+01
1.43E-06,1430.0,0.867,6.1601E-02,1.0163E+02
1.43E-06,1429.0,0.868,3.8020E-02,6.2637E+01
1.43E-06,1428.0,0.868,4.5588E-03,7.5000E+00
1.43E-06,1427.0,0.869,4.9546E-02,8.1397E+01
1.43E-06,1426.0,0.870,2.7792E-02,4.5594E+01
1.43E-06,1425.0,0.870,2.5850E-02,4.2349E+01
1.42E-06,1424.0,0.871,1.6975E-02,2.7770E+01
1.42E-06,1423.0,0.871,9.2198E-03,1.5062E+01
1.42E-06,1422.0,0.872,4.6314E-02,7.5555E+01
1.42E-06,1421.0,0.873,9.1637E-03,1.4928E+01
1.42E-06,1420.0,0.873,8.2718E-03,1.3456E+01
1.42E-06,1419.0,0.874,2.1442E-03,3.4832E+00
1.42E-06,1418.0,0.874,1.3559E-02,2.1995E+01
1.42E-06,1417.0,0.875,1.1759E-02,1.9049E+01
1.42E-06,1416.0,0.876,3.5565E-02,5.7531E+01
1.42E-06,1415.0,0.876,1.8366E-04,2.9667E-01
1.41E-06,1414.0,0.877,3.6378E-04,5.8680E-01
1.41E-06,1413.0,0.878,2.3353E-02,3.7617E+01
1.41E-06,1412.0,0.878,2.6396E-03,4.2458E+00
1.41E-06,1411.0,0.879,2.1142E-03,3.3959E+00
1.41E-06,1410.0,0.879,4.6653E-04,7.4829E-01
1.41E-06,1409.0,0.880,6.1919E-04,9.9174E-01
1.41E-06,1408.0,0.881,1.6493E-03,2.6379E+00
1.41E-06,1407.0,0.881,1.7457E-04,2.7881E-01
1.41E-06,1406.0,0.882,2.0448E-03,3.2612E+00
1.41E-06,1405.0,0.883,3.6444E-07,5.8041E-04
1.40E-06,1404.0,0.883,7.3892E-04,1.1751E+00
1.40E-06,1403.0,0.884,2.3800E-03,3.7796E+00
1.40E-06,1402.0,0.884,1.8353E-03,2.9104E+00
1.40E-06,1401.0,0.885,1.0528E-08,1.6672E-05
1.40E-06,1400.0,0.886,3.2466E-09,5.1338E-06
1.40E-06,1399.0,0.886,8.1226E-04,1.2826E+00
1.40E-06,1398.0,0.887,1.2704E-03,2.0031E+00
1.40E-06,1397.0,0.888,4.9057E-05,7.7241E-02
1.40E-06,1396.0,0.888,6.3215E-09,9.9390E-06
1.40E-06,1395.0,0.889,6.7136E-07,1.0540E-03
1.39E-06,1394.0,0.890,7.5526E-05,1.1841E-01
1.39E-06,1393.0,0.890,1.1586E-04,1.8138E-01
1.39E-06,1392.0,0.891,2.3782E-05,3.7178E-02
1.39E-06,1391.0,0.891,3.4384E-04,5.3674E-01
1.39E-06,1390.0,0.892,4.9328E-04,7.6891E-01
1.39E-06,1389.0,0.893,5.8098E-04,9.0431E-01
1.39E-06,1388.0,0.893,4.0262E-06,6.2579E-03
1.39E-06,1387.0,0.894,1.9896E-04,3.0880E-01
1.39E-06,1386.0,0.895,2.5215E-06,3.9079E-03
1.39E-06,1385.0,0.895,2.0899E-06,3.2343E-03
1.38E-06,1384.0,0.896,6.1689E-07,9.5331E-04
1.38E-06,1383.0,0.897,4.4017E-08,6.7923E-05
1.38E-06,1382.0,0.897,2.5672E-06,3.9558E-03
1.38E-06,1381.0,0.898,2.3716E-06,3.6491E-03
1.38E-06,1380.0,0.899,8.1587E-05,1.2535E-01
1.38E-06,1379.0,0.899,5.2164E-05,8.0030E-02
1.38E-06,1378.0,0.900,1.1089E-03,1.6988E+00
1.38E-06,1377.0,0.901,1.2270E-04,1.8770E-01
1.38E-06,1376.0,0.901,2.5748E-04,3.9331E-01
1.38E-06,1375.0,0.902,3.2332E-04,4.9316E-01
1.37E-06,1374.0,0.902,1.7917E-04,2.7289E-01
1.37E-06,1373.0,0.903,4.4401E-05,6.7529E-02
1.37E-06,1372.0,0.904,2.7498E-06,4.1760E-03
1.37E-06,1371.0,0.904,1.9731E-08,2.9921E-05
1.37E-06,1370.0,0.905,2.9200E-07,4.4216E-04
1.37E-06,1369.0,0.906,5.1667E-07,7.8122E-04
1.37E-06,1368.0,0.906,1.4810E-13,2.2360E-10
1.37E-06,1367.0,0.907,4.9764E-06,7.5025E-03
1.37E-06,1366.0,0.908,1.2791E-05,1.9256E-02
1.37E-06,1365.0,0.908,9.0764E-12,1.3644E-08
1.36E-06,1364.0,0.909,1.3589E-06,2.0397E-03
1.36E-06,1363.0,0.910,3.1563E-06,4.7307E-03
1.36E-06,1362.0,0.910,1.8076E-11,2.7053E-08
1.36E-06,1361.0,0.911,4.8133E-09,7.1930E-06
1.36E-06,1360.0,0.912,2.1404E-06,3.1939E-03
1.36E-06,1359.0,0.912,7.3439E-07,1.0943E-03
1.36E-06,1358.0,0.913,4.1948E-06,6.2411E-03
1.36E-06,1357.0,0.914,7.1786E-05,1.0665E-01
1.36E-06,1356.0,0.914,4.8070E-05,7.1309E-02
1.36E-06,1355.0,0.915,3.6034E-06,5.3376E-03
1.35E-06,1354.0,0.916,2.9009E-04,4.2907E-01
1.35E-06,1353.0,0.916,9.6096E-05,1.4192E-01
1.35E-06,1352.0,0.917,1.5164E-03,2.2363E+00
1.35E-06,1351.0,0.918,4.6298E-03,6.8175E+00
1.35E-06,1350.0,0.919,1.6025E-02,2.3562E+01
1.35E-06,1349.0,0.919,1.6159E-02,2.3724E+01
1.35E-06,1348.0,0.920,4.7451E-03,6.9563E+00
1.35E-06,1347.0,0.921,6.0119E-02,8.8004E+01
1.35E-06,1346.0,0.921,5.8186E-02,8.5048E+01
1.35E-06,1345.0,0.922,1.0904E-01,1.5914E+02
1.34E-06,1344.0,0.923,7.5645E-02,1.1024E+02
1.34E-06,1343.0,0.923,1.2711E-01,1.8496E+02
1.34E-06,1342.0,0.924,1.7798E-01,2.5860E+02
1.34E-06,1341.0,0.925,1.7039E-01,2.4720E+02
1.34E-06,1340.0,0.925,1.6831E-01,2.4382E+02
1.34E-06,1339.0,0.926,1.7681E-01,2.5575E+02
1.34E-06,1338.0,0.927,1.7804E-01,2.5715E+02
1.34E-06,1337.0,0.927,1.6454E-01,2.3729E+02
1.34E-06,1336.0,0.928,1.8348E-01,2.6421E+02
1.34E-06,1335.0,0.929,2.3117E-01,3.3239E+02
1.33E-06,1334.0,0.930,1.6925E-01,2.4299E+02
1.33E-06,1333.0,0.930,2.0304E-01,2.9107E+02
1.33E-06,1332.0,0.931,1.4579E-01,2.0868E+02
1.33E-06,1331.0,0.932,1.4480E-01,2.0696E+02
1.33E-06,1330.0,0.932,2.2923E-01,3.2714E+02
1.33E-06,1329.0,0.933,1.7759E-01,2.5306E+02
1.33E-06,1328.0,0.934,2.3450E-01,3.3365E+02
1.33E-06,1327.0,0.934,2.6625E-01,3.7826E+02
1.33E-06,1326.0,0.935,2.8051E-01,3.9791E+02
1.33E-06,1325.0,0.936,3.2224E-01,4.5642E+02
1.32E-06,1324.0,0.937,2.6249E-01,3.7123E+02
1.32E-06,1323.0,0.937,2.3279E-01,3.2873E+02
1.32E-06,1322.0,0.938,3.0217E-01,4.2606E+02
1.32E-06,1321.0,0.939,2.9866E-01,4.2047E+02
1.32E-06,1320.0,0.939,2.5872E-01,3.6369E+02
1.32E-06,1319.0,0.940,2.6855E-01,3.7694E+02
1.32E-06,1318.0,0.941,3.3328E-01,4.6708E+02
1.32E-06,1317.0,0.942,3.1217E-01,4.3683E+02
1.32E-06,1316.0,0.942,3.2419E-01,4.5297E+02
1.32E-06,1315.0,0.943,2.8581E-01,3.9873E+02
1.31E-06,1314.0,0.944,2.8833E-01,4.0164E+02
1.31E-06,1313.0,0.944,3.1352E-01,4.3606E+02
1.31E-06,1312.0,0.945,3.3337E-01,4.6296E+02
1.31E-06,1311.0,0.946,3.3366E-01,4.6266E+02
1.31E-06,1310.0,0.947,3.0114E-01,4.1693E+02
1.31E-06,1309.0,0.947,3.8413E-01,5.3102E+02
1.31E-06,1308.0,0.948,3.4696E-01,4.7890E+02
1.31E-06,1307.0,0.949,3.0594E-01,4.2164E+02
1.31E-06,1306.0,0.949,3.8453E-01,5.2914E+02
1.31E-06,1305.0,0.950,3.8382E-01,5.2735E+02
1.30E-06,1304.0,0.951,3.0062E-01,4.1241E+02
1.30E-06,1303.0,0.952,3.4621E-01,4.7422E+02
1.30E-06,1302.0,0.952,3.9181E-01,5.3586E+02
1.30E-06,1301.0,0.953,3.6228E-01,4.9471E+02
1.30E-06,1300.0,0.954,3.5312E-01,4.8146E+02
1.30E-06,1299.0,0.955,4.0852E-01,5.5614E+02
1.30E-06,1298.0,0.955,3.9183E-01,5.3260E+02
1.30E-06,1297.0,0.956,3.7130E-01,5.0392E+02
1.30E-06,1296.0,0.957,3.8957E-01,5.2790E+02
1.30E-06,1295.0,0.958,4.0514E-01,5.4815E+02
1.29E-06,1294.0,0.958,4.0421E-01,5.4605E+02
1.29E-06,1293.0,0.959,4.1257E-01,5.5648E+02
1.29E-06,1292.0,0.960,3.9618E-01,5.3354E+02
1.29E-06,1291.0,0.960,4.1786E-01,5.6187E+02
1.29E-06,1290.0,0.961,4.1285E-01,5.5427E+02
1.29E-06,1289.0,0.962,4.0936E-01,5.4874E+02
1.29E-06,1288.0,0.963,4.1989E-01,5.6198E+02
1.29E-06,1287.0,0.963,4.2213E-01,5.6410E+02
1.29E-06,1286.0,0.964,4.2714E-01,5.6991E+02
1.29E-06,1285.0,0.965,4.2399E-01,5.6483E+02
1.28E-06,1284.0,0.966,4.2078E-01,5.5968E+02
1.28E-06,1283.0,0.966,4.0733E-01,5.4094E+02
1.28E-06,1282.0,0.967,3.7305E-01,4.9465E+02
1.28E-06,1281.0,0.968,4.1335E-01,5.4723E+02
1.28E-06,1280.0,0.969,4.2204E-01,5.5786E+02
1.28E-06,1279.0,0.970,4.2456E-01,5.6032E+02
1.28E-06,1278.0,0.970,4.2763E-01,5.6349E+02
1.28E-06,1277.0,0.971,4.2001E-01,5.5258E+02
1.28E-06,1276.0,0.972,4.1693E-01,5.4767E+02
1.28E-06,1275.0,0.973,4.1233E-01,5.4078E+02
1.27E-06,1274.0,0.973,4.0614E-01,5.3182E+02
1.27E-06,1273.0,0.974,4.0625E-01,5.3113E+02
1.27E-06,1272.0,0.975,4.0879E-01,5.3361E+02
1.27E-06,1271.0,0.976,4.0825E-01,5.3207E+02
1.27E-06,1270.0,0.976,3.8744E-01,5.0416E+02
1.27E-06,1269.0,0.977,2.4652E-01,3.2028E+02
1.27E-06,1268.0,0.978,3.7051E-01,4.8061E+02
1.27E-06,1267.0,0.979,3.8822E-01,5.0279E+02
1.27E-06,1266.0,0.979,3.8527E-01,4.9818E+02
1.27E-06,1265.0,0.980,3.9570E-01,5.1086E+02
1.26E-06,1264.0,0.981,3.7148E-01,4.7883E+02
1.26E-06,1263.0,0.982,4.0019E-01,5.1502E+02
1.26E-06,1262.0,0.983,3.9567E-01,5.0840E+02
1.26E-06,1261.0,0.983,4.1146E-01,5.2785E+02
1.26E-06,1260.0,0.984,4.3110E-01,5.5217E+02
1.26E-06,1259.0,0.985,4.2725E-01,5.4637E+02
1.26E-06,1258.0,0.986,4.4496E-01,5.6811E+02
1.26E-06,1257.0,0.986,4.3532E-01,5.5492E+02
1.26E-06,1256.0,0.987,4.4023E-01,5.6029E+02
1.26E-06,1255.0,0.988,4.5070E-01,5.7270E+02
1.25E-06,1254.0,0.989,4.4363E-01,5.6282E+02
1.25E-06,1253.0,0.990,4.4773E-01,5.6712E+02
1.25E-06,1252.0,0.990,4.5097E-01,5.7031E+02
1.25E-06,1251.0,0.991,4.5258E-01,5.7143E+02
1.25E-06,1250.0,0.992,4.5705E-01,5.7615E+02
1.25E-06,1249.0,0.993,4.5966E-01,5.7852E+02
1.25E-06,1248.0,0.994,4.5860E-01,5.7626E+02
1.25E-06,1247.0,0.994,4.5746E-01,5.7390E+02
1.25E-06,1246.0,0.995,4.5945E-01,5.7548E+02
1.25E-06,1245.0,0.996,4.5655E-01,5.7093E+02
1.24E-06,1244.0,0.997,4.5528E-01,5.6842E+02
1.24E-06,1243.0,0.998,4.5754E-01,5.7033E+02
1.24E-06,1242.0,0.998,4.6247E-01,5.7555E+02
1.24E-06,1241.0,0.999,4.6197E-01,5.7400E+02
1.24E-06,1240.0,1.000,4.6077E-01,5.7159E+02
1.24E-06,1239.0,1.001,4.6272E-01,5.7308E+02
1.24E-06,1238.0,1.002,4.6797E-01,5.7865E+02
1.24E-06,1237.0,1.002,4.6339E-01,5.7206E+02
1.24E-06,1236.0,1.003,4.6908E-01,5.7815E+02
1.24E-06,1235.0,1.004,4.6504E-01,5.7224E+02
1.23E-06,1234.0,1.005,4.7016E-01,5.7760E+02
1.23E-06,1233.0,1.006,4.5397E-01,5.5681E+02
1.23E-06,1232.0,1.006,4.6633E-01,5.7104E+02
1.23E-06,1231.0,1.007,4.7203E-01,5.7708E+02
1.23E-06,1230.0,1.008,4.6003E-01,5.6150E+02
1.23E-06,1229.0,1.009,4.6721E-01,5.6934E+02
1.23E-06,1228.0,1.010,4.6658E-01,5.6764E+02
1.23E-06,1227.0,1.011,4.3304E-01,5.2598E+02
1.23E-06,1226.0,1.011,4.6819E-01,5.6775E+02
1.23E-06,1225.0,1.012,4.6236E-01,5.5977E+02
1.22E-06,1224.0,1.013,4.4808E-01,5.4159E+02
1.22E-06,1223.0,1.014,4.4406E-01,5.3586E+02
1.22E-06,1222.0,1.015,4.5139E-01,5.4381E+02
1.22E-06,1221.0,1.016,4.6531E-01,5.5966E+02
1.22E-06,1220.0,1.016,4.5805E-01,5.5003E+02
1.22E-06,1219.0,1.017,4.4663E-01,5.3544E+02
1.22E-06,1218.0,1.018,4.5934E-01,5.4977E+02
1.22E-06,1217.0,1.019,4.5528E-01,5.4402E+02
1.22E-06,1216.0,1.020,4.6640E-01,5.5639E+02
1.22E-06,1215.0,1.021,4.2780E-01,5.0950E+02
1.21E-06,1214.0,1.021,4.3407E-01,5.1612E+02
1.21E-06,1213.0,1.022,4.6956E-01,5.5740E+02
1.21E-06,1212.0,1.023,4.2489E-01,5.0354E+02
1.21E-06,1211.0,1.024,4.2232E-01,4.9967E+02
1.21E-06,1210.0,1.025,4.5336E-01,5.3551E+02
1.21E-06,1209.0,1.026,4.1428E-01,4.8854E+02
1.21E-06,1208.0,1.026,4.3346E-01,5.1031E+02
1.21E-06,1207.0,1.027,4.2986E-01,5.0524E+02
1.21E-06,1206.0,1.028,4.8086E-01,5.6424E+02
1.21E-06,1205.0,1.029,4.3692E-01,5.1183E+02
1.20E-06,1204.0,1.030,3.6247E-01,4.2391E+02
1.20E-06,1203.0,1.031,4.3409E-01,5.0683E+02
1.20E-06,1202.0,1.032,4.3717E-01,5.0958E+02
1.20E-06,1201.0,1.032,4.3708E-01,5.0863E+02
1.20E-06,1200.0,1.033,4.4825E-01,5.2076E+02
1.20E-06,1199.0,1.034,3.6489E-01,4.2321E+02
1.20E-06,1198.0,1.035,4.3392E-01,5.0243E+02
1.20E-06,1197.0,1.036,4.7715E-01,5.5156E+02
1.20E-06,1196.0,1.037,4.3131E-01,4.9774E+02
1.20E-06,1195.0,1.038,4.4696E-01,5.1494E+02
1.19E-06,1194.0,1.039,4.6890E-01,5.3931E+02
1.19E-06,1193.0,1.039,4.5434E-01,5.2169E+02
1.19E-06,1192.0,1.040,4.7336E-01,5.4262E+02
1.19E-06,1191.0,1.041,4.4660E-01,5.1109E+02
1.19E-06,1190.0,1.042,4.6239E-01,5.2827E+02
1.19E-06,1189.0,1.043,4.1569E-01,4.7412E+02
1.19E-06,1188.0,1.044,3.3504E-01,3.8149E+02
1.19E-06,1187.0,1.045,4.5575E-01,5.1806E+02
1.19E-06,1186.0,1.046,4.7715E-01,5.4147E+02
1.19E-06,1185.0,1.046,4.0741E-01,4.6155E+02
1.18E-06,1184.0,1.047,4.1985E-01,4.7484E+02
1.18E-06,1183.0,1.048,4.3870E-01,4.9533E+02
1.18E-06,1182.0,1.049,3.2318E-01,3.6428E+02
1.18E-06,1181.0,1.050,4.5514E-01,5.1215E+02
1.18E-06,1180.0,1.051,4.4069E-01,4.9505E+02
1.18E-06,1179.0,1.052,4.8371E-01,5.4246E+02
1.18E-06,1178.0,1.053,3.6000E-01,4.0304E+02
1.18E-06,1177.0,1.054,4.7235E-01,5.2792E+02
1.18E-06,1176.0,1.054,4.7679E-01,5.3198E+02
1.18E-06,1175.0,1.055,4.5240E-01,5.0391E+02
1.17E-06,1174.0,1.056,3.3692E-01,3.7464E+02
1.17E-06,1173.0,1.057,4.5642E-01,5.0666E+02
1.17E-06,1172.0,1.058,4.5483E-01,5.0403E+02
1.17E-06,1171.0,1.059,4.4831E-01,4.9596E+02
1.17E-06,1170.0,1.060,4.5873E-01,5.0662E+02
1.17E-06,1169.0,1.061,4.2310E-01,4.6647E+02
1.17E-06,1168.0,1.062,4.1954E-01,4.6176E+02
1.17E-06,1167.0,1.063,4.0996E-01,4.5044E+02
1.17E-06,1166.0,1.063,3.7494E-01,4.1126E+02
1.17E-06,1165.0,1.064,3.8860E-01,4.2551E+02
1.16E-06,1164.0,1.065,4.0188E-01,4.3929E+02
1.16E-06,1163.0,1.066,4.6857E-01,5.1131E+02
1.16E-06,1162.0,1.067,3.5002E-01,3.8129E+02
1.16E-06,1161.0,1.068,3.4753E-01,3.7793E+02
1.16E-06,1160.0,1.069,2.8648E-01,3.1100E+02
1.16E-06,1159.0,1.070,3.3693E-01,3.6514E+02
1.16E-06,1158.0,1.071,3.1171E-01,3.3723E+02
1.16E-06,1157.0,1.072,3.1458E-01,3.3974E+02
1.16E-06,1156.0,1.073,2.8090E-01,3.0285E+02
1.16E-06,1155.0,1.074,3.1316E-01,3.3704E+02
1.15E-06,1154.0,1.075,1.4248E-01,1.5308E+02
1.15E-06,1153.0,1.075,2.3812E-01,2.5539E+02
1.15E-06,1152.0,1.076,2.4762E-01,2.6512E+02
1.15E-06,1151.0,1.077,2.0340E-01,2.1740E+02
1.15E-06,1150.0,1.078,1.2164E-01,1.2979E+02
1.15E-06,1149.0,1.079,2.1854E-01,2.3277E+02
1.15E-06,1148.0,1.080,2.7113E-01,2.8828E+02
1.15E-06,1147.0,1.081,5.9176E-02,6.2810E+01
1.15E-06,1146.0,1.082,1.5764E-01,1.6703E+02
1.15E-06,1145.0,1.083,1.4604E-01,1.5447E+02
1.14E-06,1144.0,1.084,1.1326E-01,1.1959E+02
1.14E-06,1143.0,1.085,3.1183E-01,3.2867E+02
1.14E-06,1142.0,1.086,2.2479E-01,2.3652E+02
1.14E-06,1141.0,1.087,1.9337E-01,2.0310E+02
1.14E-06,1140.0,1.088,2.5599E-01,2.6840E+02
1.14E-06,1139.0,1.089,2.9850E-01,3.1242E+02
1.14E-06,1138.0,1.090,2.0329E-01,2.1240E+02
1.14E-06,1137.0,1.091,2.8785E-01,3.0022E+02
1.14E-06,1136.0,1.092,1.2876E-01,1.3406E+02
1.14E-06,1135.0,1.093,1.5462E-02,1.6070E+01
1.13E-06,1134.0,1.093,4.1740E-02,4.3304E+01
1.13E-06,1133.0,1.094,1.5331E-01,1.5878E+02
1.13E-06,1132.0,1.095,2.3411E-01,2.4203E+02
1.13E-06,1131.0,1.096,2.9560E-01,3.0506E+02
1.13E-06,1130.0,1.097,7.0574E-02,7.2703E+01
1.13E-06,1129.0,1.098,1.0591E-01,1.0891E+02
1.13E-06,1128.0,1.099,9.9224E-02,1.0186E+02
1.13E-06,1127.0,1.100,1.5725E-01,1.6114E+02
1.13E-06,1126.0,1.101,5.1589E-02,5.2770E+01
1.13E-06,1125.0,1.102,1.4428E-01,1.4732E+02
1.12E-06,1124.0,1.103,1.0870E-01,1.1079E+02
1.12E-06,1123.0,1.104,1.2817E-01,1.3041E+02
1.12E-06,1122.0,1.105,8.1686E-02,8.2963E+01
1.12E-06,1121.0,1.106,1.8586E-01,1.8843E+02
1.12E-06,1120.0,1.107,1.4189E-01,1.4360E+02
1.12E-06,1119.0,1.108,1.1317E-01,1.1433E+02
1.12E-06,1118.0,1.109,2.1753E-01,2.1936E+02
1.12E-06,1117.0,1.110,7.9618E-02,8.0144E+01
1.12E-06,1116.0,1.111,2.0136E-01,2.0233E+02
1.12E-06,1115.0,1.112,2.4987E-01,2.5062E+02
1.11E-06,1114.0,1.113,2.9985E-01,3.0021E+02
1.11E-06,1113.0,1.114,2.6850E-01,2.6834E+02
1.11E-06,1112.0,1.115,4.1357E-01,4.1258E+02
1.11E-06,1111.0,1.116,3.3154E-01,3.3015E+02
1.11E-06,1110.0,1.117,4.7899E-01,4.7613E+02
1.11E-06,1109.0,1.118,4.1278E-01,4.0958E+02
1.11E-06,1108.0,1.119,4.1565E-01,4.1168E+02
1.11E-06,1107.0,1.120,4.8304E-01,4.7756E+02
1.11E-06,1106.0,1.121,3.9792E-01,3.9270E+02
1.11E-06,1105.0,1.122,5.0644E-01,4.9889E+02
1.10E-06,1104.0,1.123,4.6765E-01,4.5985E+02
1.10E-06,1103.0,1.124,4.6637E-01,4.5776E+02
1.10E-06,1102.0,1.125,4.6883E-01,4.5934E+02
1.10E-06,1101.0,1.126,4.9696E-01,4.8601E+02
1.10E-06,1100.0,1.127,4.8577E-01,4.7421E+02
1.10E-06,1099.0,1.128,5.0772E-01,4.9474E+02
1.10E-06,1098.0,1.129,5.0291E-01,4.8916E+02
1.10E-06,1097.0,1.130,5.7852E-01,5.6167E+02
1.10E-06,1096.0,1.131,5.0323E-01,4.8769E+02
1.10E-06,1095.0,1.132,5.2067E-01,5.0367E+02
1.09E-06,1094.0,1.133,5.3965E-01,5.2107E+02
1.09E-06,1093.0,1.134,5.1058E-01,4.9210E+02
1.09E-06,1092.0,1.136,5.8124E-01,5.5918E+02
1.09E-06,1091.0,1.137,5.8835E-01,5.6499E+02
1.09E-06,1090.0,1.138,5.5573E-01,5.3268E+02
1.09E-06,1089.0,1.139,5.7919E-01,5.5415E+02
1.09E-06,1088.0,1.140,5.9317E-01,5.6649E+02
1.09E-06,1087.0,1.141,5.6697E-01,5.4047E+02
1.09E-06,1086.0,1.142,5.5410E-01,5.2723E+02
1.09E-06,1085.0,1.143,5.9330E-01,5.6349E+02
1.08E-06,1084.0,1.144,5.7852E-01,5.4844E+02
1.08E-06,1083.0,1.145,5.9814E-01,5.6600E+02
1.08E-06,1082.0,1.146,5.8940E-01,5.5670E+02
1.08E-06,1081.0,1.147,5.8083E-01,5.4759E+02
1.08E-06,1080.0,1.148,5.9722E-01,5.6200E+02
1.08E-06,1079.0,1.149,6.0474E-01,5.6802E+02
1.08E-06,1078.0,1.150,6.0321E-01,5.6553E+02
1.08E-06,1077.0,1.151,6.0434E-01,5.6554E+02
1.08E-06,1076.0,1.152,6.1471E-01,5.7418E+02
1.08E-06,1075.0,1.153,5.9252E-01,5.5242E+02
1.07E-06,1074.0,1.155,6.2158E-01,5.7844E+02
1.07E-06,1073.0,1.156,6.0363E-01,5.6069E+02
1.07E-06,1072.0,1.157,6.1536E-01,5.7052E+02
1.07E-06,1071.0,1.158,6.1661E-01,5.7061E+02
1.07E-06,1070.0,1.159,6.0469E-01,5.5854E+02
1.07E-06,1069.0,1.160,5.8626E-01,5.4050E+02
1.07E-06,1068.0,1.161,6.1944E-01,5.7003E+02
1.07E-06,1067.0,1.162,6.2032E-01,5.6977E+02
1.07E-06,1066.0,1.163,6.1713E-01,5.6578E+02
1.07E-06,1065.0,1.164,6.2913E-01,5.7570E+02
1.06E-06,1064.0,1.165,6.3196E-01,5.7720E+02
1.06E-06,1063.0,1.167,6.2239E-01,5.6739E+02
1.06E-06,1062.0,1.168,6.3266E-01,5.7567E+02
1.06E-06,1061.0,1.169,6.2121E-01,5.6419E+02
1.06E-06,1060.0,1.170,6.3585E-01,5.7639E+02
1.06E-06,1059.0,1.171,6.1875E-01,5.5984E+02
1.06E-06,1058.0,1.172,6.3818E-01,5.7633E+02
1.06E-06,1057.0,1.173,6.4482E-01,5.8122E+02
1.06E-06,1056.0,1.174,6.4641E-01,5.8155E+02
1.06E-06,1055.0,1.175,6.4847E-01,5.8230E+02
1.05E-06,1054.0,1.176,6.4646E-01,5.7940E+02
1.05E-06,1053.0,1.178,6.4919E-01,5.8074E+02
1.05E-06,1052.0,1.179,6.5118E-01,5.8141E+02
1.05E-06,1051.0,1.180,6.5521E-01,5.8390E+02
1.05E-06,1050.0,1.181,6.5463E-01,5.8227E+02
1.05E-06,1049.0,1.182,6.5896E-01,5.8501E+02
1.05E-06,1048.0,1.183,6.6274E-01,5.8724E+02
1.05E-06,1047.0,1.184,6.5694E-01,5.8100E+02
1.05E-06,1046.0,1.185,6.4714E-01,5.7124E+02
1.05E-06,1045.0,1.187,6.6452E-01,5.8546E+02
1.04E-06,1044.0,1.188,6.6833E-01,5.8769E+02
1.04E-06,1043.0,1.189,6.6525E-01,5.8386E+02
1.04E-06,1042.0,1.190,6.7200E-01,5.8865E+02
1.04E-06,1041.0,1.191,6.7176E-01,5.8731E+02
1.04E-06,1040.0,1.192,6.7170E-01,5.8613E+02
1.04E-06,1039.0,1.193,6.7636E-01,5.8906E+02
1.04E-06,1038.0,1.195,6.7172E-01,5.8390E+02
1.04E-06,1037.0,1.196,6.7497E-01,5.8559E+02
1.04E-06,1036.0,1.197,6.8202E-01,5.9057E+02
1.04E-06,1035.0,1.198,6.8234E-01,5.8971E+02
1.03E-06,1034.0,1.199,6.8015E-01,5.8668E+02
1.03E-06,1033.0,1.200,6.7613E-01,5.8208E+02
1.03E-06,1032.0,1.202,6.8787E-01,5.9104E+02
1.03E-06,1031.0,1.203,6.8736E-01,5.8946E+02
1.03E-06,1030.0,1.204,6.9055E-01,5.9105E+02
1.03E-06,1029.0,1.205,6.8628E-01,5.8625E+02
1.03E-06,1028.0,1.206,6.9385E-01,5.9157E+02
1.03E-06,1027.0,1.207,6.9305E-01,5.8974E+02
1.03E-06,1026.0,1.209,6.9636E-01,5.9140E+02
1.03E-06,1025.0,1.210,6.9753E-01,5.9124E+02
1.02E-06,1024.0,1.211,6.9058E-01,5.8421E+02
1.02E-06,1023.0,1.212,6.9508E-01,5.8687E+02
1.02E-06,1022.0,1.213,6.8970E-01,5.8119E+02
1.02E-06,1021.0,1.214,7.0175E-01,5.9018E+02
1.02E-06,1020.0,1.216,6.9896E-01,5.8669E+02
1.02E-06,1019.0,1.217,6.8878E-01,5.7701E+02
1.02E-06,1018.0,1.218,7.1422E-01,5.9715E+02
1.02E-06,1017.0,1.219,7.0337E-01,5.8692E+02
1.02E-06,1016.0,1.220,7.1129E-01,5.9236E+02
1.02E-06,1015.0,1.222,7.0817E-01,5.8860E+02
1.01E-06,1014.0,1.223,7.2068E-01,5.9782E+02
1.01E-06,1013.0,1.224,7.1761E-01,5.9410E+02
1.01E-06,1012.0,1.225,7.1877E-01,5.9389E+02
1.01E-06,1011.0,1.227,7.2278E-01,5.9602E+02
1.01E-06,1010.0,1.228,7.1914E-01,5.9185E+02
1.01E-06,1009.0,1.229,7.1972E-01,5.9115E+02
1.01E-06,1008.0,1.230,7.2685E-01,5.9583E+02
1.01E-06,1007.0,1.231,7.2753E-01,5.9520E+02
1.01E-06,1006.0,1.233,7.1252E-01,5.8176E+02
1.01E-06,1005.0,1.234,6.8174E-01,5.5553E+02
1.00E-06,1004.0,1.235,7.2336E-01,5.8827E+02
1.00E-06,1003.0,1.236,7.3442E-01,5.9607E+02
1.00E-06,1002.0,1.238,7.2805E-01,5.8973E+02
1.00E-06,1001.0,1.239,7.4442E-01,6.0178E+02
1.00E-06,1000.0,1.240,7.3532E-01,5.9324E+02
9.99E-07,999.0,1.241,7.3857E-01,5.9467E+02
9.98E-07,998.0,1.242,7.3887E-01,5.9372E+02
9.97E-07,997.0,1.244,7.3971E-01,5.9321E+02
9.96E-07,996.0,1.245,7.4884E-01,5.9932E+02
9.95E-07,995.0,1.246,7.5176E-01,6.0045E+02
9.94E-07,994.0,1.247,7.5410E-01,6.0111E+02
9.93E-07,993.0,1.249,7.3728E-01,5.8652E+02
9.92E-07,992.0,1.250,7.5102E-01,5.9625E+02
9.91E-07,991.0,1.251,7.5358E-01,5.9708E+02
9.90E-07,990.0,1.253,7.3227E-01,5.7902E+02
9.89E-07,989.0,1.254,7.4906E-01,5.9110E+02
9.88E-07,988.0,1.255,7.3462E-01,5.7854E+02
9.87E-07,987.0,1.256,7.3928E-01,5.8103E+02
9.86E-07,986.0,1.258,7.5083E-01,5.8891E+02
9.85E-07,985.0,1.259,6.8817E-01,5.3867E+02
9.84E-07,984.0,1.260,7.3732E-01,5.7597E+02
9.83E-07,983.0,1.261,6.6865E-01,5.2127E+02
9.82E-07,982.0,1.263,6.9218E-01,5.3851E+02
9.81E-07,981.0,1.264,7.1338E-01,5.5388E+02
9.80E-07,980.0,1.265,6.0468E-01,4.6852E+02
9.79E-07,979.0,1.267,6.3815E-01,4.9345E+02
9.78E-07,978.0,1.268,6.1509E-01,4.7465E+02
9.77E-07,977.0,1.269,6.3864E-01,4.9181E+02
9.76E-07,976.0,1.270,5.7191E-01,4.3952E+02
9.75E-07,975.0,1.272,5.8987E-01,4.5240E+02
9.74E-07,974.0,1.273,5.7529E-01,4.4031E+02
9.73E-07,973.0,1.274,6.0648E-01,4.6323E+02
9.72E-07,972.0,1.276,6.8765E-01,5.2415E+02
9.71E-07,971.0,1.277,7.1397E-01,5.4309E+02
9.70E-07,970.0,1.278,6.3461E-01,4.8173E+02
9.69E-07,969.0,1.280,6.8622E-01,5.1983E+02
9.68E-07,968.0,1.281,6.5210E-01,4.9297E+02
9.67E-07,967.0,1.282,5.0240E-01,3.7901E+02
9.66E-07,966.0,1.284,5.0275E-01,3.7849E+02
9.65E-07,965.0,1.285,5.0374E-01,3.7846E+02
9.64E-07,964.0,1.286,4.5860E-01,3.4383E+02
9.63E-07,963.0,1.288,5.0503E-01,3.7785E+02
9.62E-07,962.0,1.289,4.4174E-01,3.2981E+02
9.61E-07,961.0,1.290,4.6120E-01,3.4363E+02
9.60E-07,960.0,1.292,4.2066E-01,3.1277E+02
9.59E-07,959.0,1.293,3.7385E-01,2.7739E+02
9.58E-07,958.0,1.294,4.6101E-01,3.4135E+02
9.57E-07,957.0,1.296,2.7067E-01,1.9999E+02
9.56E-07,956.0,1.297,3.2821E-01,2.4200E+02
9.55E-07,955.0,1.298,3.4117E-01,2.5103E+02
9.54E-07,954.0,1.300,4.2411E-01,3.1141E+02
9.53E-07,953.0,1.301,3.4362E-01,2.5178E+02
9.52E-07,952.0,1.303,2.6891E-01,1.9662E+02
9.51E-07,951.0,1.304,4.8378E-01,3.5299E+02
9.50E-07,950.0,1.305,1.4726E-01,1.0722E+02
9.49E-07,949.0,1.307,4.9396E-01,3.5890E+02
9.48E-07,948.0,1.308,2.7423E-01,1.9883E+02
9.47E-07,947.0,1.309,3.7112E-01,2.6851E+02
9.46E-07,946.0,1.311,1.9461E-01,1.4051E+02
9.45E-07,945.0,1.312,3.6821E-01,2.6528E+02
9.44E-07,944.0,1.314,2.8579E-01,2.0547E+02
9.43E-07,943.0,1.315,2.7834E-01,1.9969E+02
9.42E-07,942.0,1.316,4.0532E-01,2.9017E+02
9.41E-07,941.0,1.318,3.7195E-01,2.6572E+02
9.40E-07,940.0,1.319,4.7181E-01,3.3634E+02
9.39E-07,939.0,1.321,3.9887E-01,2.8374E+02
9.38E-07,938.0,1.322,2.0058E-01,1.4238E+02
9.37E-07,937.0,1.323,1.6338E-01,1.1573E+02
9.36E-07,936.0,1.325,1.6142E-01,1.1409E+02
9.35E-07,935.0,1.326,2.5084E-01,1.7692E+02
9.34E-07,934.0,1.328,1.4380E-01,1.0121E+02
9.33E-07,933.0,1.329,2.4841E-01,1.7446E+02
9.32E-07,932.0,1.330,3.0086E-01,2.1084E+02
9.31E-07,931.0,1.332,4.0921E-01,2.8615E+02
9.30E-07,930.0,1.333,4.3210E-01,3.0151E+02
9.29E-07,929.0,1.335,5.5127E-01,3.8384E+02
9.28E-07,928.0,1.336,5.8968E-01,4.0970E+02
9.27E-07,927.0,1.338,7.8742E-01,5.4591E+02
9.26E-07,926.0,1.339,7.0331E-01,4.8654E+02
9.25E-07,925.0,1.341,7.1110E-01,4.9087E+02
9.24E-07,924.0,1.342,7.2150E-01,4.9697E+02
9.23E-07,923.0,1.343,7.4504E-01,5.1208E+02
9.22E-07,922.0,1.345,7.0026E-01,4.8026E+02
9.21E-07,921.0,1.346,7.8049E-01,5.3412E+02
9.20E-07,920.0,1.348,7.4414E-01,5.0814E+02
9.19E-07,919.0,1.349,7.3877E-01,5.0338E+02
9.18E-07,918.0,1.351,5.9271E-01,4.0298E+02
9.17E-07,917.0,1.352,7.3017E-01,4.9535E+02
9.16E-07,916.0,1.354,5.7646E-01,3.9022E+02
9.15E-07,915.0,1.355,6.7836E-01,4.5820E+02
9.14E-07,914.0,1.357,6.2649E-01,4.2224E+02
9.13E-07,913.0,1.358,6.2834E-01,4.2256E+02
9.12E-07,912.0,1.360,6.8893E-01,4.6229E+02
9.11E-07,911.0,1.361,6.6808E-01,4.4732E+02
9.10E-07,910.0,1.363,6.2467E-01,4.1734E+02
9.09E-07,909.0,1.364,7.0431E-01,4.6951E+02
9.08E-07,908.0,1.366,6.5217E-01,4.3380E+02
9.07E-07,907.0,1.367,6.3854E-01,4.2380E+02
9.06E-07,906.0,1.369,7.7558E-01,5.1361E+02
9.05E-07,905.0,1.370,8.1709E-01,5.3991E+02
9.04E-07,904.0,1.372,8.4457E-01,5.5683E+02
9.03E-07,903.0,1.373,6.8889E-01,4.5319E+02
9.02E-07,902.0,1.375,6.6791E-01,4.3841E+02
9.01E-07,901.0,1.376,5.9933E-01,3.9253E+02
9.00E-07,900.0,1.378,7.4260E-01,4.8528E+02
8.99E-07,899.0,1.379,5.4871E-01,3.5778E+02
8.98E-07,898.0,1.381,7.1780E-01,4.6699E+02
8.97E-07,897.0,1.382,6.6566E-01,4.3211E+02
8.96E-07,896.0,1.384,7.6253E-01,4.9389E+02
8.95E-07,895.0,1.385,8.1357E-01,5.2577E+02
8.94E-07,894.0,1.387,8.5130E-01,5.4892E+02
8.93E-07,893.0,1.389,8.7327E-01,5.6183E+02
8.92E-07,892.0,1.390,9.0881E-01,5.8339E+02
8.91E-07,891.0,1.392,9.2584E-01,5.9299E+02
8.90E-07,890.0,1.393,9.2393E-01,5.9044E+02
8.89E-07,889.0,1.395,9.3455E-01,5.9588E+02
8.88E-07,888.0,1.396,9.2228E-01,5.8674E+02
8.87E-07,887.0,1.398,9.1062E-01,5.7801E+02
8.86E-07,886.0,1.400,9.0752E-01,5.7475E+02
8.85E-07,885.0,1.401,9.4423E-01,5.9665E+02
8.84E-07,884.0,1.403,9.3305E-01,5.8825E+02
8.83E-07,883.0,1.404,9.2927E-01,5.8454E+02
8.82E-07,882.0,1.406,9.3245E-01,5.8522E+02
8.81E-07,881.0,1.407,9.0861E-01,5.6896E+02
8.80E-07,880.0,1.409,9.3957E-01,5.8701E+02
8.79E-07,879.0,1.411,9.3656E-01,5.8380E+02
8.78E-07,878.0,1.412,9.5237E-01,5.9231E+02
8.77E-07,877.0,1.414,9.5615E-01,5.9331E+02
8.76E-07,876.0,1.416,9.5277E-01,5.8986E+02
8.75E-07,875.0,1.417,9.2687E-01,5.7252E+02
8.74E-07,874.0,1.419,9.4042E-01,5.7956E+02
8.73E-07,873.0,1.420,9.5721E-01,5.8856E+02
8.72E-07,872.0,1.422,9.6686E-01,5.9313E+02
8.71E-07,871.0,1.424,9.5387E-01,5.8382E+02
8.70E-07,870.0,1.425,9.6755E-01,5.9083E+02
8.69E-07,869.0,1.427,9.4956E-01,5.7852E+02
8.68E-07,868.0,1.429,9.5920E-01,5.8304E+02
8.67E-07,867.0,1.430,9.1546E-01,5.5518E+02
8.66E-07,866.0,1.432,8.4900E-01,5.1368E+02
8.65E-07,865.0,1.434,9.6324E-01,5.8146E+02
8.64E-07,864.0,1.435,9.7916E-01,5.8970E+02
8.63E-07,863.0,1.437,1.0005E+00,6.0116E+02
8.62E-07,862.0,1.439,9.9449E-01,5.9617E+02
8.61E-07,861.0,1.440,9.8679E-01,5.9018E+02
8.60E-07,860.0,1.442,9.8816E-01,5.8963E+02
8.59E-07,859.0,1.444,9.9171E-01,5.9037E+02
8.58E-07,858.0,1.445,9.9196E-01,5.8914E+02
8.57E-07,857.0,1.447,9.9166E-01,5.8759E+02
8.56E-07,856.0,1.449,9.7317E-01,5.7529E+02
8.55E-07,855.0,1.450,9.1300E-01,5.3846E+02
8.54E-07,854.0,1.452,8.5112E-01,5.0079E+02
8.53E-07,853.0,1.454,9.6486E-01,5.6639E+02
8.52E-07,852.0,1.455,9.6927E-01,5.6765E+02
8.51E-07,851.0,1.457,9.7493E-01,5.6962E+02
8.50E-07,850.0,1.459,8.9372E-01,5.2095E+02
8.49E-07,849.0,1.461,9.8596E-01,5.7336E+02
8.48E-07,848.0,1.462,9.9217E-01,5.7561E+02
8.47E-07,847.0,1.464,9.9170E-01,5.7398E+02
8.46E-07,846.0,1.466,1.0187E+00,5.8822E+02
8.45E-07,845.0,1.467,1.0165E+00,5.8556E+02
8.44E-07,844.0,1.469,9.8631E-01,5.6683E+02
8.43E-07,843.0,1.471,1.0053E+00,5.7637E+02
8.42E-07,842.0,1.473,9.9703E-01,5.7028E+02
8.41E-07,841.0,1.474,1.0101E+00,5.7638E+02
8.40E-07,840.0,1.476,1.0157E+00,5.7820E+02
8.39E-07,839.0,1.478,1.0013E+00,5.6865E+02
8.38E-07,838.0,1.480,9.9901E-01,5.6599E+02
8.37E-07,837.0,1.481,1.0092E+00,5.7040E+02
8.36E-07,836.0,1.483,9.7234E-01,5.4826E+02
8.35E-07,835.0,1.485,1.0032E+00,5.6430E+02
8.34E-07,834.0,1.487,9.3412E-01,5.2419E+02
8.33E-07,833.0,1.489,9.5650E-01,5.3546E+02
8.32E-07,832.0,1.490,8.9426E-01,4.9942E+02
8.31E-07,831.0,1.492,9.2392E-01,5.1474E+02
8.30E-07,830.0,1.494,9.1601E-01,5.0911E+02
8.29E-07,829.0,1.496,9.2930E-01,5.1525E+02
8.28E-07,828.0,1.498,8.4979E-01,4.7003E+02
8.27E-07,827.0,1.499,9.8465E-01,5.4331E+02
8.26E-07,826.0,1.501,9.3381E-01,5.1401E+02
8.25E-07,825.0,1.503,9.6935E-01,5.3228E+02
8.24E-07,824.0,1.505,9.3506E-01,5.1221E+02
8.23E-07,823.0,1.507,6.7271E-01,3.6760E+02
8.22E-07,822.0,1.509,9.5157E-01,5.1873E+02
8.21E-07,821.0,1.510,9.9764E-01,5.4252E+02
8.20E-07,820.0,1.512,8.6188E-01,4.6755E+02
8.19E-07,819.0,1.514,9.0519E-01,4.8985E+02
8.18E-07,818.0,1.516,8.2259E-01,4.4406E+02
8.17E-07,817.0,1.518,8.5183E-01,4.5872E+02
8.16E-07,816.0,1.520,8.3216E-01,4.4703E+02
8.15E-07,815.0,1.521,8.9523E-01,4.7974E+02
8.14E-07,814.0,1.523,9.0356E-01,4.8301E+02
8.13E-07,813.0,1.525,1.0086E+00,5.3784E+02
8.12E-07,812.0,1.527,1.0268E+00,5.4620E+02
8.11E-07,811.0,1.529,1.0533E+00,5.5892E+02
8.10E-07,810.0,1.531,1.0559E+00,5.5892E+02
8.09E-07,809.0,1.533,1.0548E+00,5.5696E+02
8.08E-07,808.0,1.535,1.0821E+00,5.6996E+02
8.07E-07,807.0,1.537,1.0859E+00,5.7055E+02
8.06E-07,806.0,1.538,1.0974E+00,5.7516E+02
8.05E-07,805.0,1.540,1.0545E+00,5.5130E+02
8.04E-07,804.0,1.542,1.0782E+00,5.6230E+02
8.03E-07,803.0,1.544,1.0657E+00,5.5440E+02
8.02E-07,802.0,1.546,1.0856E+00,5.6334E+02
8.01E-07,801.0,1.548,1.0843E+00,5.6126E+02
8.00E-07,800.0,1.550,1.0725E+00,5.5377E+02
7.99E-07,799.0,1.552,1.0905E+00,5.6166E+02
7.98E-07,798.0,1.554,1.1121E+00,5.7135E+02
7.97E-07,797.0,1.556,1.0913E+00,5.5926E+02
7.96E-07,796.0,1.558,1.0742E+00,5.4912E+02
7.95E-07,795.0,1.560,1.0932E+00,5.5743E+02
7.94E-07,794.0,1.562,1.0972E+00,5.5806E+02
7.93E-07,793.0,1.564,1.0875E+00,5.5173E+02
7.92E-07,792.0,1.566,1.0953E+00,5.5429E+02
7.91E-07,791.0,1.568,1.1058E+00,5.5819E+02
7.90E-07,790.0,1.570,1.0910E+00,5.4933E+02
7.89E-07,789.0,1.572,1.1257E+00,5.6537E+02
7.88E-07,788.0,1.574,1.1305E+00,5.6634E+02
7.87E-07,787.0,1.576,1.1450E+00,5.7215E+02
7.86E-07,786.0,1.578,1.1592E+00,5.7777E+02
7.85E-07,785.0,1.580,1.1586E+00,5.7600E+02
7.84E-07,784.0,1.582,1.1536E+00,5.7206E+02
7.83E-07,783.0,1.584,1.1614E+00,5.7446E+02
7.82E-07,782.0,1.586,1.1662E+00,5.7536E+02
7.81E-07,781.0,1.588,1.1607E+00,5.7118E+02
7.80E-07,780.0,1.590,1.1636E+00,5.7114E+02
7.79E-07,779.0,1.592,1.1765E+00,5.7600E+02
7.78E-07,778.0,1.594,1.1713E+00,5.7198E+02
7.77E-07,777.0,1.596,1.1727E+00,5.7119E+02
7.76E-07,776.0,1.598,1.1798E+00,5.7317E+02
7.75E-07,775.0,1.600,1.1771E+00,5.7039E+02
7.74E-07,774.0,1.602,1.1771E+00,5.6892E+02
7.73E-07,773.0,1.604,1.1771E+00,5.6745E+02
7.72E-07,772.0,1.606,1.1778E+00,5.6632E+02
7.71E-07,771.0,1.608,1.1686E+00,5.6044E+02
7.70E-07,770.0,1.610,1.1608E+00,5.5525E+02
7.69E-07,769.0,1.612,1.1278E+00,5.3807E+02
7.68E-07,768.0,1.615,1.1138E+00,5.3001E+02
7.67E-07,767.0,1.617,9.7417E-01,4.6236E+02
7.66E-07,766.0,1.619,8.1461E-01,3.8562E+02
7.65E-07,765.0,1.621,6.8601E-01,3.2390E+02
7.64E-07,764.0,1.623,5.3878E-01,2.5372E+02
7.63E-07,763.0,1.625,3.7952E-01,1.7825E+02
7.62E-07,762.0,1.627,6.8766E-01,3.2213E+02
7.61E-07,761.0,1.629,1.5396E-01,7.1933E+01
7.60E-07,760.0,1.632,2.6604E-01,1.2397E+02
7.59E-07,759.0,1.634,1.1945E+00,5.5517E+02
7.58E-07,758.0,1.636,1.2295E+00,5.6993E+02
7.57E-07,757.0,1.638,1.2221E+00,5.6500E+02
7.56E-07,756.0,1.640,1.2232E+00,5.6402E+02
7.55E-07,755.0,1.642,1.2383E+00,5.6947E+02
7.54E-07,754.0,1.645,1.2420E+00,5.6966E+02
7.53E-07,753.0,1.647,1.2266E+00,5.6111E+02
7.52E-07,752.0,1.649,1.2330E+00,5.6254E+02
7.51E-07,751.0,1.651,1.2286E+00,5.5904E+02
7.50E-07,750.0,1.653,1.2341E+00,5.6005E+02
7.49E-07,749.0,1.656,1.2357E+00,5.5928E+02
7.48E-07,748.0,1.658,1.2401E+00,5.5977E+02
7.47E-07,747.0,1.660,1.2477E+00,5.6170E+02
7.46E-07,746.0,1.662,1.2470E+00,5.5988E+02
7.45E-07,745.0,1.664,1.2497E+00,5.5959E+02
7.44E-07,744.0,1.667,1.2503E+00,5.5836E+02
7.43E-07,743.0,1.669,1.2405E+00,5.5249E+02
7.42E-07,742.0,1.671,1.2153E+00,5.3981E+02
7.41E-07,741.0,1.673,1.2148E+00,5.3814E+02
7.40E-07,740.0,1.676,1.2195E+00,5.3876E+02
7.39E-07,739.0,1.678,1.1905E+00,5.2453E+02
7.38E-07,738.0,1.680,1.2269E+00,5.3911E+02
7.37E-07,737.0,1.682,1.2039E+00,5.2757E+02
7.36E-07,736.0,1.685,1.2059E+00,5.2701E+02
7.35E-07,735.0,1.687,1.2178E+00,5.3077E+02
7.34E-07,734.0,1.689,1.2357E+00,5.3710E+02
7.33E-07,733.0,1.692,1.1962E+00,5.1852E+02
7.32E-07,732.0,1.694,1.1534E+00,4.9860E+02
7.31E-07,731.0,1.696,1.0703E+00,4.6142E+02
7.30E-07,730.0,1.699,1.1285E+00,4.8518E+02
7.29E-07,729.0,1.701,1.0466E+00,4.4873E+02
7.28E-07,728.0,1.703,1.0400E+00,4.4468E+02
7.27E-07,727.0,1.706,1.0850E+00,4.6265E+02
7.26E-07,726.0,1.708,1.0813E+00,4.5980E+02
7.25E-07,725.0,1.710,1.0380E+00,4.4018E+02
7.24E-07,724.0,1.713,1.0555E+00,4.4636E+02
7.23E-07,723.0,1.715,1.1444E+00,4.8262E+02
7.22E-07,722.0,1.717,1.2407E+00,5.2179E+02
7.21E-07,721.0,1.720,1.0861E+00,4.5551E+02
7.20E-07,720.0,1.722,9.8550E-01,4.1217E+02
7.19E-07,719.0,1.725,9.2318E-01,3.8503E+02
7.18E-07,718.0,1.727,1.0296E+00,4.2822E+02
7.17E-07,717.0,1.729,1.1071E+00,4.5918E+02
7.16E-07,716.0,1.732,1.2716E+00,5.2593E+02
7.15E-07,715.0,1.734,1.2587E+00,5.1914E+02
7.14E-07,714.0,1.737,1.3029E+00,5.3587E+02
7.13E-07,713.0,1.739,1.2918E+00,5.2982E+02
7.12E-07,712.0,1.742,1.3071E+00,5.3459E+02
7.11E-07,711.0,1.744,1.3155E+00,5.3652E+02
7.10E-07,710.0,1.746,1.3175E+00,5.3582E+02
7.09E-07,709.0,1.749,1.3095E+00,5.3107E+02
7.08E-07,708.0,1.751,1.3048E+00,5.2767E+02
7.07E-07,707.0,1.754,1.3090E+00,5.2788E+02
7.06E-07,706.0,1.756,1.3144E+00,5.2856E+02
7.05E-07,705.0,1.759,1.3214E+00,5.2987E+02
7.04E-07,704.0,1.761,1.3078E+00,5.2293E+02
7.03E-07,703.0,1.764,1.2747E+00,5.0824E+02
7.02E-07,702.0,1.766,1.2674E+00,5.0390E+02
7.01E-07,701.0,1.769,1.2659E+00,5.0187E+02
7.00E-07,700.0,1.771,1.2823E+00,5.0692E+02
6.99E-07,699.0,1.774,1.2918E+00,5.0922E+02
6.98E-07,698.0,1.777,1.3192E+00,5.1853E+02
6.97E-07,697.0,1.779,1.3403E+00,5.2532E+02
6.96E-07,696.0,1.782,1.2684E+00,4.9571E+02
6.95E-07,695.0,1.784,1.2714E+00,4.9546E+02
6.94E-07,694.0,1.787,1.2464E+00,4.8432E+02
6.93E-07,693.0,1.789,1.2609E+00,4.8854E+02
6.92E-07,692.0,1.792,1.2689E+00,4.9022E+02
6.91E-07,691.0,1.795,1.2333E+00,4.7509E+02
6.90E-07,690.0,1.797,1.1821E+00,4.5405E+02
6.89E-07,689.0,1.800,1.1278E+00,4.3194E+02
6.88E-07,688.0,1.802,1.1206E+00,4.2794E+02
6.87E-07,687.0,1.805,9.6824E-01,3.6868E+02
6.86E-07,686.0,1.808,1.3438E+00,5.1020E+02
6.85E-07,685.0,1.810,1.3748E+00,5.2044E+02
6.84E-07,684.0,1.813,1.3739E+00,5.1859E+02
6.83E-07,683.0,1.816,1.3830E+00,5.2050E+02
6.82E-07,682.0,1.818,1.3981E+00,5.2464E+02
6.81E-07,681.0,1.821,1.3915E+00,5.2063E+02
6.80E-07,680.0,1.824,1.3969E+00,5.2112E+02
6.79E-07,679.0,1.826,1.3947E+00,5.1877E+02
6.78E-07,678.0,1.829,1.4066E+00,5.2166E+02
6.77E-07,677.0,1.832,1.3991E+00,5.1734E+02
6.76E-07,676.0,1.834,1.4120E+00,5.2057E+02
6.75E-07,675.0,1.837,1.3958E+00,5.1308E+02
6.74E-07,674.0,1.840,1.4074E+00,5.1581E+02
6.73E-07,673.0,1.842,1.4094E+00,5.1501E+02
6.72E-07,672.0,1.845,1.3972E+00,5.0904E+02
6.71E-07,671.0,1.848,1.4169E+00,5.1468E+02
6.70E-07,670.0,1.851,1.4196E+00,5.1413E+02
6.69E-07,669.0,1.854,1.4394E+00,5.1974E+02
6.68E-07,668.0,1.856,1.4150E+00,5.0940E+02
6.67E-07,667.0,1.859,1.4102E+00,5.0616E+02
6.66E-07,666.0,1.862,1.4203E+00,5.0826E+02
6.65E-07,665.0,1.865,1.4214E+00,5.0712E+02
6.64E-07,664.0,1.867,1.3967E+00,4.9681E+02
6.63E-07,663.0,1.870,1.3844E+00,4.9096E+02
6.62E-07,662.0,1.873,1.3819E+00,4.8859E+02
6.61E-07,661.0,1.876,1.3933E+00,4.9114E+02
6.60E-07,660.0,1.879,1.3992E+00,4.9172E+02
6.59E-07,659.0,1.882,1.3905E+00,4.8719E+02
6.58E-07,658.0,1.884,1.3855E+00,4.8396E+02
6.57E-07,657.0,1.887,1.2393E+00,4.3158E+02
6.56E-07,656.0,1.890,1.1851E+00,4.1145E+02
6.55E-07,655.0,1.893,1.3499E+00,4.6724E+02
6.54E-07,654.0,1.896,1.4153E+00,4.8838E+02
6.53E-07,653.0,1.899,1.4311E+00,4.9232E+02
6.52E-07,652.0,1.902,1.3871E+00,4.7573E+02
6.51E-07,651.0,1.905,1.4447E+00,4.9396E+02
6.50E-07,650.0,1.908,1.3594E+00,4.6337E+02
6.49E-07,649.0,1.911,1.3519E+00,4.5940E+02
6.48E-07,648.0,1.914,1.3952E+00,4.7265E+02
6.47E-07,647.0,1.917,1.4086E+00,4.7572E+02
6.46E-07,646.0,1.920,1.4150E+00,4.7640E+02
6.45E-07,645.0,1.922,1.4567E+00,4.8893E+02
6.44E-07,644.0,1.925,1.4462E+00,4.8390E+02
6.43E-07,643.0,1.928,1.4525E+00,4.8450E+02
6.42E-07,642.0,1.931,1.4376E+00,4.7804E+02
6.41E-07,641.0,1.934,1.4348E+00,4.7562E+02
6.40E-07,640.0,1.938,1.4340E+00,4.7387E+02
6.39E-07,639.0,1.941,1.4646E+00,4.8247E+02
6.38E-07,638.0,1.944,1.4707E+00,4.8297E+02
6.37E-07,637.0,1.947,1.4610E+00,4.7828E+02
6.36E-07,636.0,1.950,1.4128E+00,4.6105E+02
6.35E-07,635.0,1.953,1.4458E+00,4.7034E+02
6.34E-07,634.0,1.956,1.4284E+00,4.6321E+02
6.33E-07,633.0,1.959,1.4508E+00,4.6900E+02
6.32E-07,632.0,1.962,1.3638E+00,4.3948E+02
6.31E-07,631.0,1.965,1.4161E+00,4.5489E+02
6.30E-07,630.0,1.968,1.3924E+00,4.4586E+02
6.29E-07,629.0,1.971,1.4114E+00,4.5051E+02
6.28E-07,628.0,1.975,1.3631E+00,4.3371E+02
6.27E-07,627.0,1.978,1.4417E+00,4.5726E+02
6.26E-07,626.0,1.981,1.4012E+00,4.4300E+02
6.25E-07,625.0,1.984,1.4026E+00,4.4203E+02
6.24E-07,624.0,1.987,1.4118E+00,4.4350E+02
6.23E-07,623.0,1.990,1.4165E+00,4.4355E+02
6.22E-07,622.0,1.994,1.4269E+00,4.4538E+02
6.21E-07,621.0,1.997,1.4802E+00,4.6053E+02
6.20E-07,620.0,2.000,1.4739E+00,4.5709E+02
6.19E-07,619.0,2.003,1.4733E+00,4.5543E+02
6.18E-07,618.0,2.006,1.4664E+00,4.5184E+02
6.17E-07,617.0,2.010,1.4128E+00,4.3391E+02
6.16E-07,616.0,2.013,1.4310E+00,4.3808E+02
6.15E-07,615.0,2.016,1.4697E+00,4.4847E+02
6.14E-07,614.0,2.020,1.4176E+00,4.3117E+02
6.13E-07,613.0,2.023,1.4621E+00,4.4325E+02
6.12E-07,612.0,2.026,1.4831E+00,4.4815E+02
6.11E-07,611.0,2.029,1.4611E+00,4.4006E+02
6.10E-07,610.0,2.033,1.4686E+00,4.4088E+02
6.09E-07,609.0,2.036,1.4749E+00,4.4132E+02
6.08E-07,608.0,2.039,1.4862E+00,4.4324E+02
6.07E-07,607.0,2.043,1.4911E+00,4.4324E+02
6.06E-07,606.0,2.046,1.4822E+00,4.3914E+02
6.05E-07,605.0,2.050,1.4895E+00,4.3985E+02
6.04E-07,604.0,2.053,1.4921E+00,4.3916E+02
6.03E-07,603.0,2.056,1.4664E+00,4.3017E+02
6.02E-07,602.0,2.060,1.4360E+00,4.1986E+02
6.01E-07,601.0,2.063,1.4579E+00,4.2484E+02
6.00E-07,600.0,2.067,1.4753E+00,4.2849E+02
5.99E-07,599.0,2.070,1.4606E+00,4.2280E+02
5.98E-07,598.0,2.074,1.4607E+00,4.2142E+02
5.97E-07,597.0,2.077,1.4788E+00,4.2522E+02
5.96E-07,596.0,2.081,1.4745E+00,4.2256E+02
5.95E-07,595.0,2.084,1.4308E+00,4.0866E+02
5.94E-07,594.0,2.088,1.4491E+00,4.1250E+02
5.93E-07,593.0,2.091,1.4561E+00,4.1310E+02
5.92E-07,592.0,2.095,1.4354E+00,4.0585E+02
5.91E-07,591.0,2.098,1.4662E+00,4.1316E+02
5.90E-07,590.0,2.102,1.3709E+00,3.8500E+02
5.89E-07,589.0,2.105,1.2894E+00,3.6089E+02
5.88E-07,588.0,2.109,1.4934E+00,4.1657E+02
5.87E-07,587.0,2.112,1.5281E+00,4.2480E+02
5.86E-07,586.0,2.116,1.4953E+00,4.1426E+02
5.85E-07,585.0,2.120,1.5324E+00,4.2309E+02
5.84E-07,584.0,2.123,1.5448E+00,4.2506E+02
5.83E-07,583.0,2.127,1.5479E+00,4.2446E+02
5.82E-07,582.0,2.131,1.5320E+00,4.1866E+02
5.81E-07,581.0,2.134,1.5089E+00,4.1093E+02
5.80E-07,580.0,2.138,1.5020E+00,4.0764E+02
5.79E-07,579.0,2.142,1.4770E+00,3.9948E+02
5.78E-07,578.0,2.145,1.4560E+00,3.9244E+02
5.77E-07,577.0,2.149,1.5023E+00,4.0352E+02
5.76E-07,576.0,2.153,1.4654E+00,3.9224E+02
5.75E-07,575.0,2.157,1.4777E+00,3.9416E+02
5.74E-07,574.0,2.160,1.5119E+00,4.0188E+02
5.73E-07,573.0,2.164,1.5198E+00,4.0258E+02
5.72E-07,572.0,2.168,1.5134E+00,3.9948E+02
5.71E-07,571.0,2.172,1.4331E+00,3.7697E+02
5.70E-07,570.0,2.175,1.4816E+00,3.8836E+02
5.69E-07,569.0,2.179,1.4807E+00,3.8676E+02
5.68E-07,568.0,2.183,1.5180E+00,3.9511E+02
5.67E-07,567.0,2.187,1.5320E+00,3.9735E+02
5.66E-07,566.0,2.191,1.4374E+00,3.7150E+02
5.65E-07,565.0,2.195,1.5201E+00,3.9149E+02
5.64E-07,564.0,2.199,1.5106E+00,3.8767E+02
5.63E-07,563.0,2.202,1.5408E+00,3.9402E+02
5.62E-07,562.0,2.206,1.4847E+00,3.7832E+02
5.61E-07,561.0,2.210,1.5595E+00,3.9597E+02
5.60E-07,560.0,2.214,1.4740E+00,3.7293E+02
5.59E-07,559.0,2.218,1.4483E+00,3.6512E+02
5.58E-07,558.0,2.222,1.5310E+00,3.8459E+02
5.57E-07,557.0,2.226,1.4988E+00,3.7515E+02
5.56E-07,556.0,2.230,1.5366E+00,3.8323E+02
5.55E-07,555.0,2.234,1.5634E+00,3.8852E+02
5.54E-07,554.0,2.238,1.5549E+00,3.8501E+02
5.53E-07,553.0,2.242,1.5250E+00,3.7625E+02
5.52E-07,552.0,2.246,1.5697E+00,3.8588E+02
5.51E-07,551.0,2.250,1.5382E+00,3.7676E+02
5.50E-07,550.0,2.255,1.5399E+00,3.7581E+02
5.49E-07,549.0,2.259,1.5520E+00,3.7739E+02
5.48E-07,548.0,2.263,1.5049E+00,3.6460E+02
5.47E-07,547.0,2.267,1.5490E+00,3.7392E+02
5.46E-07,546.0,2.271,1.5291E+00,3.6777E+02
5.45E-07,545.0,2.275,1.5435E+00,3.6987E+02
5.44E-07,544.0,2.279,1.5792E+00,3.7704E+02
5.43E-07,543.0,2.284,1.5256E+00,3.6291E+02
5.42E-07,542.0,2.288,1.5511E+00,3.6761E+02
5.41E-07,541.0,2.292,1.4251E+00,3.3651E+02
5.40E-07,540.0,2.296,1.4825E+00,3.4877E+02
5.39E-07,539.0,2.301,1.5352E+00,3.5983E+02
5.38E-07,538.0,2.305,1.5738E+00,3.6751E+02
5.37E-07,537.0,2.309,1.4989E+00,3.4872E+02
5.36E-07,536.0,2.313,1.6199E+00,3.7547E+02
5.35E-07,535.0,2.318,1.5535E+00,3.5873E+02
5.34E-07,534.0,2.322,1.5302E+00,3.5203E+02
5.33E-07,533.0,2.326,1.4286E+00,3.2743E+02
5.32E-07,532.0,2.331,1.5998E+00,3.6529E+02
5.31E-07,531.0,2.335,1.6292E+00,3.7061E+02
5.30E-07,530.0,2.340,1.5446E+00,3.5004E+02
5.29E-07,529.0,2.344,1.6071E+00,3.6283E+02
5.28E-07,528.0,2.348,1.5357E+00,3.4540E+02
5.27E-07,527.0,2.353,1.3417E+00,3.0063E+02
5.26E-07,526.0,2.357,1.5341E+00,3.4244E+02
5.25E-07,525.0,2.362,1.5781E+00,3.5092E+02
5.24E-07,524.0,2.366,1.5905E+00,3.5233E+02
5.23E-07,523.0,2.371,1.4789E+00,3.2636E+02
5.22E-07,522.0,2.375,1.5690E+00,3.4492E+02
5.21E-07,521.0,2.380,1.5346E+00,3.3607E+02
5.20E-07,520.0,2.385,1.5236E+00,3.3238E+02
5.19E-07,519.0,2.389,1.3957E+00,3.0331E+02
5.18E-07,518.0,2.394,1.4403E+00,3.1179E+02
5.17E-07,517.0,2.398,1.2594E+00,2.7158E+02
5.16E-07,516.0,2.403,1.5455E+00,3.3199E+02
5.15E-07,515.0,2.408,1.5314E+00,3.2768E+02
5.14E-07,514.0,2.412,1.4885E+00,3.1727E+02
5.13E-07,513.0,2.417,1.5206E+00,3.2285E+02
5.12E-07,512.0,2.422,1.6186E+00,3.4232E+02
5.11E-07,511.0,2.427,1.5769E+00,3.3220E+02
5.10E-07,510.0,2.431,1.5481E+00,3.2486E+02
5.09E-07,509.0,2.436,1.5893E+00,3.3220E+02
5.08E-07,508.0,2.441,1.5165E+00,3.1574E+02
5.07E-07,507.0,2.446,1.5560E+00,3.2269E+02
5.06E-07,506.0,2.451,1.6264E+00,3.3596E+02
5.05E-07,505.0,2.455,1.5635E+00,3.2169E+02
5.04E-07,504.0,2.460,1.4587E+00,2.9894E+02
5.03E-07,503.0,2.465,1.5653E+00,3.1951E+02
5.02E-07,502.0,2.470,1.4966E+00,3.0428E+02
5.01E-07,501.0,2.475,1.4978E+00,3.0331E+02
5.00E-07,500.0,2.480,1.5451E+00,3.1164E+02
4.99E-07,499.0,2.485,1.5507E+00,3.1152E+02
4.98E-07,498.0,2.490,1.5509E+00,3.1031E+02
4.97E-07,497.0,2.495,1.5944E+00,3.1773E+02
4.96E-07,496.0,2.500,1.5676E+00,3.1114E+02
4.95E-07,495.0,2.505,1.6485E+00,3.2588E+02
4.94E-07,494.0,2.510,1.5525E+00,3.0566E+02
4.93E-07,493.0,2.515,1.5903E+00,3.1184E+02
4.92E-07,492.0,2.520,1.4869E+00,2.9038E+02
4.91E-07,491.0,2.525,1.5595E+00,3.0332E+02
4.90E-07,490.0,2.531,1.6224E+00,3.1427E+02
4.89E-07,489.0,2.536,1.4519E+00,2.8010E+02
4.88E-07,488.0,2.541,1.5413E+00,2.9613E+02
4.87E-07,487.0,2.546,1.4241E+00,2.7249E+02
4.86E-07,486.0,2.551,1.2716E+00,2.4231E+02
4.85E-07,485.0,2.557,1.5683E+00,2.9762E+02
4.84E-07,484.0,2.562,1.5734E+00,2.9736E+02
4.83E-07,483.0,2.567,1.6038E+00,3.0185E+02
4.82E-07,482.0,2.573,1.6236E+00,3.0432E+02
4.81E-07,481.0,2.578,1.6177E+00,3.0195E+02
4.80E-07,480.0,2.583,1.6181E+00,3.0077E+02
4.79E-07,479.0,2.589,1.5916E+00,2.9462E+02
4.78E-07,478.0,2.594,1.6230E+00,2.9918E+02
4.77E-07,477.0,2.600,1.5724E+00,2.8864E+02
4.76E-07,476.0,2.605,1.5631E+00,2.8573E+02
4.75E-07,475.0,2.611,1.6185E+00,2.9461E+02
4.74E-07,474.0,2.616,1.5671E+00,2.8406E+02
4.73E-07,473.0,2.622,1.5499E+00,2.7976E+02
4.72E-07,472.0,2.627,1.6126E+00,2.8984E+02
4.71E-07,471.0,2.633,1.5331E+00,2.7439E+02
4.70E-07,470.0,2.638,1.5077E+00,2.6870E+02
4.69E-07,469.0,2.644,1.5682E+00,2.7829E+02
4.68E-07,468.0,2.650,1.5619E+00,2.7599E+02
4.67E-07,467.0,2.655,1.4973E+00,2.6345E+02
4.66E-07,466.0,2.661,1.5673E+00,2.7459E+02
4.65E-07,465.0,2.667,1.5350E+00,2.6777E+02
4.64E-07,464.0,2.672,1.5544E+00,2.6999E+02
4.63E-07,463.0,2.678,1.6031E+00,2.7725E+02
4.62E-07,462.0,2.684,1.5975E+00,2.7509E+02
4.61E-07,461.0,2.690,1.5827E+00,2.7136E+02
4.60E-07,460.0,2.696,1.5291E+00,2.6104E+02
4.59E-07,459.0,2.702,1.5391E+00,2.6160E+02
4.58E-07,458.0,2.707,1.5514E+00,2.6255E+02
4.57E-07,457.0,2.713,1.5854E+00,2.6713E+02
4.56E-07,456.0,2.719,1.5724E+00,2.6378E+02
4.55E-07,455.0,2.725,1.5224E+00,2.5428E+02
4.54E-07,454.0,2.731,1.5335E+00,2.5501E+02
4.53E-07,453.0,2.737,1.4297E+00,2.3670E+02
4.52E-07,452.0,2.743,1.5482E+00,2.5519E+02
4.51E-07,451.0,2.749,1.6173E+00,2.6540E+02
4.50E-07,450.0,2.756,1.5595E+00,2.5478E+02
4.49E-07,449.0,2.762,1.5045E+00,2.4470E+02
4.48E-07,448.0,2.768,1.5081E+00,2.4420E+02
4.47E-07,447.0,2.774,1.4903E+00,2.4024E+02
4.46E-07,446.0,2.780,1.3108E+00,2.1036E+02
4.45E-07,445.0,2.787,1.4619E+00,2.3356E+02
4.44E-07,444.0,2.793,1.4084E+00,2.2400E+02
4.43E-07,443.0,2.799,1.4453E+00,2.2883E+02
4.42E-07,442.0,2.805,1.4250E+00,2.2460E+02
4.41E-07,441.0,2.812,1.3313E+00,2.0888E+02
4.40E-07,440.0,2.818,1.3499E+00,2.1084E+02
4.39E-07,439.0,2.825,1.1775E+00,1.8308E+02
4.38E-07,438.0,2.831,1.2238E+00,1.8941E+02
4.37E-07,437.0,2.838,1.3943E+00,2.1482E+02
4.36E-07,436.0,2.844,1.3659E+00,2.0948E+02
4.35E-07,435.0,2.851,1.2452E+00,1.9010E+02
4.34E-07,434.0,2.857,1.1352E+00,1.7251E+02
4.33E-07,433.0,2.864,1.2288E+00,1.8587E+02
4.32E-07,432.0,2.870,1.3207E+00,1.9885E+02
4.31E-07,431.0,2.877,7.9394E-01,1.1899E+02
4.30E-07,430.0,2.884,8.7462E-01,1.3047E+02
4.29E-07,429.0,2.890,1.0963E+00,1.6278E+02
4.28E-07,428.0,2.897,1.1839E+00,1.7497E+02
4.27E-07,427.0,2.904,1.1724E+00,1.7246E+02
4.26E-07,426.0,2.911,1.2135E+00,1.7767E+02
4.25E-07,425.0,2.918,1.2488E+00,1.8198E+02
4.24E-07,424.0,2.925,1.2117E+00,1.7574E+02
4.23E-07,423.0,2.931,1.2184E+00,1.7588E+02
4.22E-07,422.0,2.938,1.2583E+00,1.8079E+02
4.21E-07,421.0,2.945,1.2757E+00,1.8242E+02
4.20E-07,420.0,2.952,1.1232E+00,1.5985E+02
4.19E-07,419.0,2.959,1.2258E+00,1.7362E+02
4.18E-07,418.0,2.967,1.1777E+00,1.6601E+02
4.17E-07,417.0,2.974,1.2312E+00,1.7272E+02
4.16E-07,416.0,2.981,1.2624E+00,1.7625E+02
4.15E-07,415.0,2.988,1.2258E+00,1.7032E+02
4.14E-07,414.0,2.995,1.1842E+00,1.6375E+02
4.13E-07,413.0,3.002,1.1971E+00,1.6473E+02
4.12E-07,412.0,3.010,1.2478E+00,1.7088E+02
4.11E-07,411.0,3.017,1.1738E+00,1.5997E+02
4.10E-07,410.0,3.024,1.0485E+00,1.4220E+02
4.09E-07,409.0,3.032,1.2299E+00,1.6599E+02
4.08E-07,408.0,3.039,1.1514E+00,1.5463E+02
4.07E-07,407.0,3.047,1.1026E+00,1.4735E+02
4.06E-07,406.0,3.054,1.1227E+00,1.4930E+02
4.05E-07,405.0,3.062,1.1511E+00,1.5233E+02
4.04E-07,404.0,3.069,1.1801E+00,1.5539E+02
4.03E-07,403.0,3.077,1.1613E+00,1.5216E+02
4.02E-07,402.0,3.085,1.2061E+00,1.5725E+02
4.01E-07,401.0,3.092,1.1603E+00,1.5053E+02
4.00E-07,400.0,3.100,1.1141E+00,1.4381E+02
4.00E-07,399.5,3.104,1.1021E+00,1.4191E+02
3.99E-07,399.0,3.108,1.0693E+00,1.3734E+02
3.99E-07,398.5,3.112,1.0069E+00,1.2900E+02
3.98E-07,398.0,3.116,8.5249E-01,1.0895E+02
3.98E-07,397.5,3.119,6.2945E-01,8.0240E+01
3.97E-07,397.0,3.123,4.2619E-01,5.4192E+01
3.97E-07,396.5,3.127,5.5017E-01,6.9781E+01
3.96E-07,396.0,3.131,7.5655E-01,9.5715E+01
3.96E-07,395.5,3.135,8.6038E-01,1.0858E+02
3.95E-07,395.0,3.139,8.0772E-01,1.0167E+02
3.95E-07,394.5,3.143,6.8385E-01,8.5863E+01
3.94E-07,394.0,3.147,4.9567E-01,6.2078E+01
3.94E-07,393.5,3.151,3.8152E-01,4.7661E+01
3.93E-07,393.0,3.155,4.7975E-01,5.9780E+01
3.93E-07,392.5,3.159,6.6257E-01,8.2350E+01
3.92E-07,392.0,3.163,7.9493E-01,9.8549E+01
3.92E-07,391.5,3.167,8.6344E-01,1.0677E+02
3.91E-07,391.0,3.171,8.5138E-01,1.0501E+02
3.91E-07,390.5,3.175,8.0371E-01,9.8877E+01
3.90E-07,390.0,3.179,7.9699E-01,9.7799E+01
3.90E-07,389.5,3.184,7.5970E-01,9.2984E+01
3.89E-07,389.0,3.188,6.8543E-01,8.3679E+01
3.89E-07,388.5,3.192,6.3136E-01,7.6880E+01
3.88E-07,388.0,3.196,6.3582E-01,7.7224E+01
3.88E-07,387.5,3.200,6.4204E-01,7.7778E+01
3.87E-07,387.0,3.204,6.5147E-01,7.8717E+01
3.87E-07,386.5,3.208,6.4570E-01,7.7819E+01
3.86E-07,386.0,3.212,6.2100E-01,7.4648E+01
3.86E-07,385.5,3.217,6.4363E-01,7.7168E+01
3.85E-07,385.0,3.221,6.7355E-01,8.0546E+01
3.85E-07,384.5,3.225,6.1359E-01,7.3185E+01
3.84E-07,384.0,3.229,5.0968E-01,6.0634E+01
3.84E-07,383.5,3.233,4.4049E-01,5.2266E+01
3.83E-07,383.0,3.238,4.5499E-01,5.3846E+01
3.83E-07,382.5,3.242,5.0762E-01,5.9918E+01
3.82E-07,382.0,3.246,5.8678E-01,6.9080E+01
3.82E-07,381.5,3.250,6.8837E-01,8.0828E+01
3.81E-07,381.0,3.255,7.6383E-01,8.9454E+01
3.81E-07,380.5,3.259,7.5075E-01,8.7692E+01
3.80E-07,380.0,3.263,7.0077E-01,8.1639E+01
3.80E-07,379.5,3.267,6.6683E-01,7.7480E+01
3.79E-07,379.0,3.272,7.4389E-01,8.6207E+01
3.79E-07,378.5,3.276,8.3418E-01,9.6415E+01
3.78E-07,378.0,3.280,8.5595E-01,9.8670E+01
3.78E-07,377.5,3.285,7.9455E-01,9.1350E+01
3.77E-07,377.0,3.289,7.1225E-01,8.1671E+01
3.77E-07,376.5,3.293,6.6390E-01,7.5925E+01
3.76E-07,376.0,3.298,6.7480E-01,7.6967E+01
3.76E-07,375.5,3.302,6.5162E-01,7.4126E+01
3.75E-07,375.0,3.307,5.8930E-01,6.6858E+01
3.75E-07,374.5,3.311,5.5227E-01,6.2490E+01
3.74E-07,374.0,3.316,5.5640E-01,6.2789E+01
3.74E-07,373.5,3.320,5.5786E-01,6.2786E+01
3.73E-07,373.0,3.324,6.1886E-01,6.9465E+01
3.73E-07,372.5,3.329,6.4253E-01,7.1928E+01
3.72E-07,372.0,3.333,6.7444E-01,7.5298E+01
3.72E-07,371.5,3.338,7.2051E-01,8.0225E+01
3.71E-07,371.0,3.342,6.9338E-01,7.6997E+01
3.71E-07,370.5,3.347,6.8261E-01,7.5597E+01
3.70E-07,370.0,3.351,7.5507E-01,8.3396E+01
3.70E-07,369.5,3.356,7.4469E-01,8.2027E+01
3.69E-07,369.0,3.360,6.9315E-01,7.6144E+01
3.69E-07,368.5,3.365,6.6310E-01,7.2645E+01
3.68E-07,368.0,3.370,6.6759E-01,7.2939E+01
3.68E-07,367.5,3.374,7.0914E-01,7.7268E+01
3.67E-07,367.0,3.379,7.2285E-01,7.8548E+01
3.67E-07,366.5,3.383,7.3658E-01,7.9822E+01
3.66E-07,366.0,3.388,7.3532E-01,7.9468E+01
3.66E-07,365.5,3.393,6.8628E-01,7.3966E+01
3.65E-07,365.0,3.397,6.2359E-01,6.7025E+01
3.65E-07,364.5,3.402,6.0058E-01,6.4375E+01
3.64E-07,364.0,3.407,6.0628E-01,6.4808E+01
3.64E-07,363.5,3.411,5.8541E-01,6.2405E+01
3.63E-07,363.0,3.416,6.0191E-01,6.3988E+01
3.63E-07,362.5,3.421,5.8510E-01,6.2030E+01
3.62E-07,362.0,3.425,5.3420E-01,5.6477E+01
3.62E-07,361.5,3.430,5.0956E-01,5.3724E+01
3.61E-07,361.0,3.435,5.2024E-01,5.4698E+01
3.61E-07,360.5,3.440,5.6531E-01,5.9272E+01
3.60E-07,360.0,3.444,5.9817E-01,6.2544E+01
3.60E-07,359.5,3.449,5.6549E-01,5.8963E+01
3.59E-07,359.0,3.454,4.6953E-01,4.8821E+01
3.59E-07,358.5,3.459,3.9926E-01,4.1399E+01
3.58E-07,358.0,3.464,4.3006E-01,4.4468E+01
3.58E-07,357.5,3.469,4.6215E-01,4.7653E+01
3.57E-07,357.0,3.473,4.5673E-01,4.6962E+01
3.57E-07,356.5,3.478,5.1942E-01,5.3259E+01
3.56E-07,356.0,3.483,5.5387E-01,5.6632E+01
3.56E-07,355.5,3.488,5.9028E-01,6.0185E+01
3.55E-07,355.0,3.493,6.1140E-01,6.2164E+01
3.55E-07,354.5,3.498,6.1156E-01,6.2005E+01
3.54E-07,354.0,3.503,6.0498E-01,6.1165E+01
3.54E-07,353.5,3.508,5.7228E-01,5.7695E+01
3.53E-07,353.0,3.513,5.2040E-01,5.2317E+01
3.53E-07,352.5,3.518,4.8962E-01,4.9083E+01
3.52E-07,352.0,3.523,5.1791E-01,5.1772E+01
3.52E-07,351.5,3.528,5.3022E-01,5.2852E+01
3.51E-07,351.0,3.533,5.5172E-01,5.4839E+01
3.51E-07,350.5,3.538,5.6741E-01,5.6238E+01
3.50E-07,350.0,3.543,5.2798E-01,5.2180E+01
3.50E-07,349.5,3.548,4.7805E-01,4.7111E+01
3.49E-07,349.0,3.553,4.6564E-01,4.5757E+01
3.49E-07,348.5,3.558,4.8336E-01,4.7362E+01
3.48E-07,348.0,3.563,4.7511E-01,4.6420E+01
3.48E-07,347.5,3.568,4.7674E-01,4.6446E+01
3.47E-07,347.0,3.573,4.9404E-01,4.7993E+01
3.47E-07,346.5,3.579,4.8657E-01,4.7131E+01
3.46E-07,346.0,3.584,4.7778E-01,4.6146E+01
3.46E-07,345.5,3.589,4.8932E-01,4.7124E+01
3.45E-07,345.0,3.594,4.5898E-01,4.4074E+01
3.45E-07,344.5,3.599,4.0307E-01,3.8593E+01
3.44E-07,344.0,3.605,4.1843E-01,3.9948E+01
3.44E-07,343.5,3.610,4.8609E-01,4.6273E+01
3.43E-07,343.0,3.615,5.1489E-01,4.8872E+01
3.43E-07,342.5,3.620,5.0767E-01,4.8046E+01
3.42E-07,342.0,3.626,4.8934E-01,4.6176E+01
3.42E-07,341.5,3.631,4.6935E-01,4.4160E+01
3.41E-07,341.0,3.636,4.7139E-01,4.4222E+01
3.41E-07,340.5,3.642,5.0071E-01,4.6835E+01
3.40E-07,340.0,3.647,5.0180E-01,4.6800E+01
3.40E-07,339.5,3.652,4.7446E-01,4.4120E+01
3.39E-07,339.0,3.658,4.6355E-01,4.2978E+01
3.39E-07,338.5,3.663,4.5527E-01,4.2086E+01
3.38E-07,338.0,3.669,4.3411E-01,4.0012E+01
3.38E-07,337.5,3.674,4.0051E-01,3.6806E+01
3.37E-07,337.0,3.680,3.7380E-01,3.4249E+01
3.37E-07,336.5,3.685,3.8214E-01,3.4910E+01
3.36E-07,336.0,3.690,4.1519E-01,3.7816E+01
3.36E-07,335.5,3.696,4.5313E-01,4.1149E+01
3.35E-07,335.0,3.701,4.6388E-01,4.2000E+01
3.35E-07,334.5,3.707,4.4509E-01,4.0178E+01
3.34E-07,334.0,3.713,4.1497E-01,3.7348E+01
3.34E-07,333.5,3.718,4.0724E-01,3.6542E+01
3.33E-07,333.0,3.724,4.2944E-01,3.8419E+01
3.33E-07,332.5,3.729,4.3919E-01,3.9173E+01
3.32E-07,332.0,3.735,4.3623E-01,3.8792E+01
3.32E-07,331.5,3.741,4.1806E-01,3.7065E+01
3.31E-07,331.0,3.746,4.0262E-01,3.5588E+01
3.31E-07,330.5,3.752,4.2800E-01,3.7717E+01
3.30E-07,330.0,3.758,4.7139E-01,4.1415E+01
3.30E-07,329.5,3.763,4.6878E-01,4.1061E+01
3.29E-07,329.0,3.769,4.2235E-01,3.6882E+01
3.29E-07,328.5,3.775,3.7164E-01,3.2355E+01
3.28E-07,328.0,3.780,3.5116E-01,3.0479E+01
3.28E-07,327.5,3.786,3.8465E-01,3.3284E+01
3.27E-07,327.0,3.792,3.9806E-01,3.4340E+01
3.27E-07,326.5,3.798,4.0722E-01,3.5023E+01
3.26E-07,326.0,3.804,3.8120E-01,3.2684E+01
3.26E-07,325.5,3.810,3.2436E-01,2.7726E+01
3.25E-07,325.0,3.815,2.7894E-01,2.3770E+01
3.25E-07,324.5,3.821,2.8321E-01,2.4060E+01
3.24E-07,324.0,3.827,2.7537E-01,2.3322E+01
3.24E-07,323.5,3.833,2.4861E-01,2.0990E+01
3.23E-07,323.0,3.839,2.1226E-01,1.7866E+01
3.23E-07,322.5,3.845,2.1709E-01,1.8216E+01
3.22E-07,322.0,3.851,2.2203E-01,1.8573E+01
3.22E-07,321.5,3.857,2.3843E-01,1.9883E+01
3.21E-07,321.0,3.863,2.5024E-01,2.0803E+01
3.21E-07,320.5,3.869,2.4525E-01,2.0324E+01
3.20E-07,320.0,3.875,2.0527E-01,1.6958E+01
3.20E-07,319.5,3.881,1.9589E-01,1.6133E+01
3.19E-07,319.0,3.887,2.0470E-01,1.6806E+01
3.19E-07,318.5,3.893,1.8591E-01,1.5215E+01
3.18E-07,318.0,3.899,1.7594E-01,1.4354E+01
3.18E-07,317.5,3.906,1.8245E-01,1.4838E+01
3.17E-07,317.0,3.912,1.7158E-01,1.3910E+01
3.17E-07,316.5,3.918,1.5036E-01,1.2152E+01
3.16E-07,316.0,3.924,1.2348E-01,9.9477E+00
3.16E-07,315.5,3.930,1.1838E-01,9.5067E+00
3.15E-07,315.0,3.937,1.3625E-01,1.0907E+01
3.15E-07,314.5,3.943,1.3060E-01,1.0422E+01
3.14E-07,314.0,3.949,1.1969E-01,9.5207E+00
3.14E-07,313.5,3.955,1.0757E-01,8.5294E+00
3.13E-07,313.0,3.962,1.0733E-01,8.4833E+00
3.13E-07,312.5,3.968,9.8984E-02,7.7986E+00
3.12E-07,312.0,3.974,9.3376E-02,7.3333E+00
3.12E-07,311.5,3.981,8.4080E-02,6.5821E+00
3.11E-07,311.0,3.987,8.2922E-02,6.4706E+00
3.11E-07,310.5,3.994,6.5540E-02,5.0978E+00
3.10E-07,310.0,4.000,5.0939E-02,3.9494E+00
3.10E-07,309.5,4.006,4.3306E-02,3.3467E+00
3.09E-07,309.0,4.013,4.0534E-02,3.1224E+00
3.09E-07,308.5,4.019,4.1430E-02,3.1811E+00
3.08E-07,308.0,4.026,3.7837E-02,2.8958E+00
3.08E-07,307.5,4.033,3.5635E-02,2.7184E+00
3.07E-07,307.0,4.039,2.7849E-02,2.1176E+00
3.07E-07,306.5,4.046,2.1108E-02,1.5998E+00
3.06E-07,306.0,4.052,1.8577E-02,1.4034E+00
3.06E-07,305.5,4.059,1.8719E-02,1.4095E+00
3.05E-07,305.0,4.066,1.6463E-02,1.2356E+00
3.05E-07,304.5,4.072,1.1953E-02,8.9414E-01
3.04E-07,304.0,4.079,9.4701E-03,7.0608E-01
3.04E-07,303.5,4.086,8.9795E-03,6.6730E-01
3.03E-07,303.0,4.092,7.0945E-03,5.2549E-01
3.03E-07,302.5,4.099,4.2840E-03,3.1627E-01
3.02E-07,302.0,4.106,2.9209E-03,2.1492E-01
3.02E-07,301.5,4.113,2.6914E-03,1.9738E-01
3.01E-07,301.0,4.120,1.9300E-03,1.4107E-01
3.01E-07,300.5,4.126,1.2450E-03,9.0701E-02
3.00E-07,300.0,4.133,1.0205E-03,7.4098E-02
3.00E-07,299.5,4.140,8.6068E-04,6.2286E-02
2.99E-07,299.0,4.147,4.9211E-04,3.5494E-02
2.99E-07,298.5,4.154,3.5789E-04,2.5727E-02
2.98E-07,298.0,4.161,2.8988E-04,2.0768E-02
2.98E-07,297.5,4.168,1.8608E-04,1.3287E-02
2.97E-07,297.0,4.175,9.6800E-05,6.8888E-03
2.97E-07,296.5,4.182,7.1345E-05,5.0602E-03
2.96E-07,296.0,4.189,4.7904E-05,3.3862E-03
2.96E-07,295.5,4.196,2.7826E-05,1.9603E-03
2.95E-07,295.0,4.203,1.2290E-05,8.6288E-04
2.95E-07,294.5,4.211,6.5911E-06,4.6119E-04
2.94E-07,294.0,4.218,4.1744E-06,2.9110E-04
2.94E-07,293.5,4.225,2.2707E-06,1.5781E-04
2.93E-07,293.0,4.232,8.6466E-07,5.9887E-05
2.93E-07,292.5,4.239,4.2685E-07,2.9463E-05
2.92E-07,292.0,4.247,2.6830E-07,1.8456E-05
2.92E-07,291.5,4.254,1.0913E-07,7.4813E-06
2.91E-07,291.0,4.261,3.5052E-08,2.3947E-06
2.91E-07,290.5,4.269,1.3783E-08,9.3840E-07
2.90E-07,290.0,4.276,6.0168E-09,4.0824E-07
2.90E-07,289.5,4.283,2.0749E-09,1.4030E-07
2.89E-07,289.0,4.291,5.6265E-10,3.7913E-08
2.89E-07,288.5,4.298,1.7162E-10,1.1524E-08
2.88E-07,288.0,4.306,6.2337E-11,4.1714E-09
2.88E-07,287.5,4.313,1.0903E-11,7.2707E-10
2.87E-07,287.0,4.321,2.7367E-12,1.8186E-10
2.87E-07,286.5,4.328,8.3823E-13,5.5509E-11
2.86E-07,286.0,4.336,1.3684E-13,9.0302E-12
2.86E-07,285.5,4.343,4.2613E-14,2.8023E-12
2.85E-07,285.0,4.351,8.0142E-15,5.2517E-13
2.85E-07,284.5,4.359,2.4856E-15,1.6231E-13
2.84E-07,284.0,4.366,7.2670E-16,4.7287E-14
2.84E-07,283.5,4.374,3.5360E-17,2.2928E-15
2.83E-07,283.0,4.382,1.8452E-17,1.1923E-15
2.83E-07,282.5,4.389,4.5436E-18,2.9254E-16
2.82E-07,282.0,4.397,1.1946E-18,7.6643E-17
2.82E-07,281.5,4.405,1.5662E-19,1.0013E-17
2.81E-07,281.0,4.413,5.6895E-21,3.6244E-19
2.80E-07,280.0,4.429,4.7309E-23,2.9924E-21
